adress,Latitude,Longitude
"Кропивницький,алея між вулицями Волкова та Бєляєва",48.50793300000001,32.262317
"Кропивницький,вздовж річки Інгул, від вул. Київської до вул. Жовтневої революції",48.50793300000001,32.262317
"Кропивницький,від буд. № 8 до буд. 14 по вул. Героїв Сталінграда",48.50793300000001,32.262317
"Кропивницький,вїзд з м. Знамянка",48.7192002,32.6770961
"Кропивницький,вїзд з м. Знамянка",48.7192002,32.6770961
"Кропивницький,вїзд з м. Кривий Ріг",48.50793300000001,32.262317
"Кропивницький,вїзд з м. Кривий Ріг",48.50793300000001,32.262317
"Кропивницький,вуд. Яновського, 50",48.4935325,32.2556826
"Кропивницький,вул Соборна, 24-а",48.5018131,32.246611
"Кропивницький,вул.  Дружби народів, 8",48.50793300000001,32.262317
"Кропивницький,вул.  Тимірязєва, 58",48.5099147,32.263272
"Кропивницький,вул. 20 років Міліції, 2-а",48.50793300000001,32.262317
"Кропивницький,вул. 20 років Міліції, 26",48.50793300000001,32.262317
"Кропивницький,вул. 20 років Міліції, 56",48.50793300000001,32.262317
"Кропивницький,вул. 40 річчя Перемоги, 11",48.49061,32.2706019
"Кропивницький,вул. 40-річчя Перемоги  (від кафе ""Альфа "" до мосту)",48.50793300000001,32.262317
"Кропивницький,вул. 40-річчя Перемоги ,51",48.48775,32.269879
"Кропивницький,вул. 40-річчя Перемоги, 105",48.4820909,32.2706043
"Кропивницький,вул. 40-річчя Перемоги, 107",48.4813813,32.2710636
"Кропивницький,вул. 40-річчя Перемоги, 108-а",48.4759298,32.2718872
"Кропивницький,вул. 40-річчя Перемоги, 146",48.4728056,32.2703489
"Кропивницький,вул. 40-річчя Перемоги, 24",48.4888157,32.2694561
"Кропивницький,вул. 40-річчя Перемоги, 26/33",48.4886904,32.2695409
"Кропивницький,вул. 40-річчя Перемоги, 27-13",48.489693,32.271696
"Кропивницький,вул. 40-річчя Перемоги, 32",48.4873182,32.2694412
"Кропивницький,вул. 40-річчя Перемоги, 4/1",48.4911705,32.2698202
"Кропивницький,вул. 40-річчя Перемоги, 41/35",48.4886601,32.2705053
"Кропивницький,вул. 40-річчя Перемоги, 53-45",48.488202,32.270581
"Кропивницький,вул. 40-річчя Перемоги, 58/49",48.48425599999999,32.269246
"Кропивницький,вул. 40-річчя Перемоги, 62",48.4840622,32.2695312
"Кропивницький,вул. 40-річчя Перемоги, 63/45",48.486888,32.270435
"Кропивницький,вул. 40-річчя Перемоги, 7",48.491038,32.2706171
"Кропивницький,вул. 40-річчя Перемоги, 7",48.491038,32.2706171
"Кропивницький,вул. 40-річчя Перемоги, 70/2",48.483771,32.2694781
"Кропивницький,вул. 40-річчя Перемоги, 87",48.4843931,32.270374
"Кропивницький,вул. 40-річчя Перемоги, 95",48.48387779999999,32.2704561
"Кропивницький,вул. 40-річчя Перемоги, 95-89",48.483863,32.27047
"Кропивницький,вул. 40-річчя Перемоги, 97",48.4835611,32.270356
"Кропивницький,вул. 5-а Лінія сел. Гірниче",48.4715772,32.2788364
"Кропивницький,вул. 50 років Радянської Армії (ЗОШ № 12)",48.50793300000001,32.262317
"Кропивницький,вул. 50 років Радянської Армії, 12 (ЗОШ № 12)",48.50793300000001,32.262317
"Кропивницький,вул. 8-го Березня, 6",48.52537239999999,32.2755374
"Кропивницький,вул. Авіаційна (біля парку ім. Крючкова)",48.50793300000001,32.262317
"Кропивницький,вул. Авіаційна, 64",48.5304291,32.2642256
"Кропивницький,вул. Автолюбителів, 5",48.487799,32.226532
"Кропивницький,вул. Аджамська, 29",48.5132747,32.2883583
"Кропивницький,вул. Аерофлотська, 15",48.52051910000001,32.2117845
"Кропивницький,вул. Аерофлотська, 5",48.5215149,32.2159854
"Кропивницький,вул. Академіка Корольова, 11",48.5055913,32.2337059
"Кропивницький,вул. Академіка Корольова, 11-а",48.5068466,32.2314702
"Кропивницький,вул. Академіка Корольова, 19",48.5063706,32.2312156
"Кропивницький,вул. Академіка Корольова, 21",48.5064777,32.23059480000001
"Кропивницький,вул. Академіка Корольова, 27 ЗОШ № 9",48.50668140000001,32.2277193
"Кропивницький,вул. Академіка Корольова, 28 (підїзд 1)",48.5068466,32.2314702
"Кропивницький,вул. Академіка Корольова, 29 ДНЗ № 47",48.507392,32.224923
"Кропивницький,вул. Академіка Корольова, 3",48.5032615,32.235588
"Кропивницький,вул. Академіка Корольова, 30",48.5071399,32.2309823
"Кропивницький,вул. Академіка Корольова, 32/4",48.5068964,32.2310803
"Кропивницький,вул. Академіка Корольова, 34/19",48.506377,32.231229
"Кропивницький,вул. Академіка Корольова, 36",48.5078667,32.2261553
"Кропивницький,вул. Академіка Корольова, 4",48.5034532,32.236853
"Кропивницький,вул. Академіка Корольова, 7",48.50462419999999,32.234293
"Кропивницький,вул. Академіка Корольова, 9",48.5047751,32.2334633
"Кропивницький,вул. Академіка Тамма, 10",48.499674,32.2368108
"Кропивницький,вул. Академіка Тамма, 21",48.499674,32.2368108
"Кропивницький,вул. Академіка Тамма, 3/163",48.499674,32.2368108
"Кропивницький,вул. Академіка Тамма, 5",48.499674,32.2368108
"Кропивницький,вул. Академіка Тамма, 9",48.499674,32.2368108
"Кропивницький,вул. Академіка Тамма, від вул. Курганної до вул. Волкова",48.4984362,32.233952
"Кропивницький,вул. Аксьнкіної, 61/15",48.4922882,32.2490257
"Кропивницький,вул. Аксьонкіної, 61/15",48.4922882,32.2490257
"Кропивницький,вул. Андріївська (вздовж вулиці)",48.50793300000001,32.262317
"Кропивницький,вул. Андріївська, 10",48.51129270000001,32.2506021
"Кропивницький,вул. Андріївська, 12",48.5111512,32.2504979
"Кропивницький,вул. Андріївська, 12, корп. 2",48.5088284,32.2464471
"Кропивницький,вул. Андріївська, 17/11",48.5097816,32.2495892
"Кропивницький,вул. Андріївська, 31",48.5087002,32.2477603
"Кропивницький,вул. Андріївська, 59",48.5058023,32.2450601
"Кропивницький,вул. Андріївська, 60",48.5059832,32.2447603
"Кропивницький,вул. Андріївська, 62",48.5056407,32.2443251
"Кропивницький,вул. Андріївська, 62",48.5056407,32.2443251
"Кропивницький,вул. Андріївська, 66",48.5047375,32.2429203
"Кропивницький,вул. Андріївська, 75",48.5037052,32.24299999999999
"Кропивницький,вул. Андріївська, 87",48.5025308,32.2418856
"Кропивницький,вул. Андріївська, 89",48.5021411,32.2416361
"Кропивницький,вул. Андріївська, 9",48.5108288,32.2506935
"Кропивницький,вул. Андріївська, навпроти  № 80",48.50793300000001,32.262317
"Кропивницький,вул. Андрія Матвієнка (Башкирська)",48.5176329,32.2804838
"Кропивницький,вул. Андрія Матвієнка (Башкирська) ЗОШ № 26",48.5152813,32.2811582
"Кропивницький,вул. Арсенія Тарковського (біля церкви)",48.509909,32.272133
"Кропивницький,вул. Арсенія Тарковського, 1-а",48.509909,32.272133
"Кропивницький,вул. Арсенія Тарковського, 11",48.512578,32.2749164
"Кропивницький,вул. Арсенія Тарковського, 12",48.5140439,32.2761757
"Кропивницький,вул. Арсенія Тарковського, 13",48.5124207,32.2747778
"Кропивницький,вул. Арсенія Тарковського, 14",48.5140703,32.276117
"Кропивницький,вул. Арсенія Тарковського, 16, корп. 1",48.5163432,32.278735
"Кропивницький,вул. Арсенія Тарковського, 16, корп. 3",48.51601489999999,32.2783387
"Кропивницький,вул. Арсенія Тарковського, 16, корп. 3",48.51601489999999,32.2783387
"Кропивницький,вул. Арсенія Тарковського, 16, корп. 4",48.5134805,32.2755984
"Кропивницький,вул. Арсенія Тарковського, 17",48.5134048,32.2755216
"Кропивницький,вул. Арсенія Тарковського, 18",48.513329,32.2754448
"Кропивницький,вул. Арсенія Тарковського, 2",48.516248,32.2783987
"Кропивницький,вул. Арсенія Тарковського, 23-а",48.513026,32.2751376
"Кропивницький,вул. Арсенія Тарковського, 24-а",48.5125004,32.2745138
"Кропивницький,вул. Арсенія Тарковського, 25",48.513026,32.2751376
"Кропивницький,вул. Арсенія Тарковського, 26",48.5125014,32.2745112
"Кропивницький,вул. Арсенія Тарковського, 3",48.51601489999999,32.2783387
"Кропивницький,вул. Арсенія Тарковського, 3",48.51601489999999,32.2783387
"Кропивницький,вул. Арсенія Тарковського, 33",48.50969689999999,32.2720696
"Кропивницький,вул. Арсенія Тарковського, 35",48.5095695,32.2719689
"Кропивницький,вул. Арсенія Тарковського, 36",48.5090845,32.2713444
"Кропивницький,вул. Арсенія Тарковського, 43-а",48.5084895,32.2709222
"Кропивницький,вул. Арсенія Тарковського, 50",48.5086422,32.2707457
"Кропивницький,вул. Арсенія Тарковського, 53",48.5076848,32.2701664
"Кропивницький,вул. Арсенія Тарковського, 6",48.51486209999999,32.2770042
"Кропивницький,вул. Арсенія Тарковського, 61",48.50658980000001,32.2689016
"Кропивницький,вул. Арсенія Тарковського, 61/96",48.50658980000001,32.2689016
"Кропивницький,вул. Арсенія Тарковського, 68",48.5057836,32.2680152
"Кропивницький,вул. Арсенія Тарковського, 73",48.5049753,32.2673631
"Кропивницький,вул. Арсенія Тарковського, 76",48.5049753,32.2673631
"Кропивницький,вул. Арсенія Тарковського, 80",48.50484549999999,32.2672423
"Кропивницький,вул. АрсеніяТарковського-Покровської",48.50793300000001,32.262317
"Кропивницький,вул. Архангельська, 14",48.5113783,32.2781215
"Кропивницький,вул. Архангельська, 19/43 (з боку вул. Гагаріна)",48.5076467,32.2745568
"Кропивницький,вул. Архангельська, 2",48.5131819,32.2792434
"Кропивницький,вул. Архангельська, 20/37",48.5106356,32.2773657
"Кропивницький,вул. Архангельська, 23",48.5097572,32.2770429
"Кропивницький,вул. Архангельська, 34",48.50923119999999,32.2760872
"Кропивницький,вул. Архангельська, 4",48.5124576,32.2787759
"Кропивницький,вул. Архангельська, 40-а",48.50797619999999,32.2747382
"Кропивницький,вул. Архангельська, 43",48.5103372,32.2775538
"Кропивницький,вул. Архангельська, 46",48.5068502,32.2736082
"Кропивницький,вул. Архангельська, 77",48.5034369,32.2708171
"Кропивницький,вул. Архіректора Паученка (громадський бюджет)",48.50793300000001,32.262317
"Кропивницький,вул. Архітектора Паученка, 109",48.50554,32.2809634
"Кропивницький,вул. Архітектора Паученка, 110",48.5052899,32.2816828
"Кропивницький,вул. Архітектора Паученка, 53/39",48.50940900000001,32.2706205
"Кропивницький,вул. Архітектора Паученка, 66",48.5079212,32.2737566
"Кропивницький,вул. Архітектора Паученка, 71/40",48.5077939,32.2745991
"Кропивницький,вул. Архітектора Паученка, 90",48.5059699,32.2783187
"Кропивницький,вул. Архітектора Паученка, 93",48.5062381,32.2777872
"Кропивницький,вул. Архітектора Паученка, 95",48.5062273,32.2781923
"Кропивницький,вул. Архітектора Паученка, 97",48.5062269,32.2785405
"Кропивницький,вул. Архітектора Паученка, 99",48.5061463,32.2788393
"Кропивницький,вул. Архітектора Паученка, біля поліклініки № 3",48.5081106,32.2735257
"Кропивницький,вул. Архітектора Паученка, між буд. № 65 та № 67",48.5081106,32.2735257
"Кропивницький,вул. Башкирська, 13",48.5180887,32.2808496
"Кропивницький,вул. Башкірська, 10",48.5157749,32.2799308
"Кропивницький,вул. Башкірська, 3-а",48.51826759999999,32.2812858
"Кропивницький,вул. Берегова, 1 (ЗОШ № 21)",48.536345,32.2354531
"Кропивницький,вул. Бережинська, 39",48.49569229999999,32.3024568
"Кропивницький,вул. Бєлінського, 2-б",48.5415882,32.2656566
"Кропивницький,вул. Бєляєва (біля Бєляєвського ставу)",48.5095658,32.2276211
"Кропивницький,вул. Бєляєва, 10, корп. 4",48.506208,32.229115
"Кропивницький,вул. Бєляєва, 11",48.5093212,32.2267924
"Кропивницький,вул. Бєляєва, 12",48.5056899,32.2283837
"Кропивницький,вул. Бєляєва, 13, корп. 1",48.5089014,32.2285502
"Кропивницький,вул. Бєляєва, 13, корп. 2",48.5081168,32.228956
"Кропивницький,вул. Бєляєва, 14, корп. 3",48.5048015,32.2281629
"Кропивницький,вул. Бєляєва, 15, корп. 1",48.5084786,32.2275378
"Кропивницький,вул. Бєляєва, 15, корп. 2",48.5084786,32.2275378
"Кропивницький,вул. Бєляєва, 21",48.5067247,32.2275797
"Кропивницький,вул. Бєляєва, 23 (ЗОШ ""Мрія"")",48.505544,32.227486
"Кропивницький,вул. Бєляєва, 23 ЗОШ № 9",48.50668140000001,32.2277193
"Кропивницький,вул. Бєляєва, 25, корп. 1",48.5049701,32.2269944
"Кропивницький,вул. Бєляєва, 25, корп. 2",48.5081168,32.228956
"Кропивницький,вул. Бєляєва, 27, корп. 1",48.5045708,32.2273484
"Кропивницький,вул. Бєляєва, 27, корп. 2",48.5045708,32.2273484
"Кропивницький,вул. Бєляєва, 29, корп. 1",48.5040674,32.2273828
"Кропивницький,вул. Бєляєва, 29, корп. 2",48.5081168,32.228956
"Кропивницький,вул. Бєляєва, 7, корп. 1",48.5103358,32.2275138
"Кропивницький,вул. Бєляєва, 7, корп. 2",48.5103358,32.2275138
"Кропивницький,вул. Бєляєва, 7, корп. 3",48.5103358,32.2275138
"Кропивницький,вул. Бєляєва, 8",48.5065444,32.2287125
"Кропивницький,вул. Бєляєва, 9",48.5097157,32.2265747
"Кропивницький,вул. Бобринецький шлях, 109",48.4804116,32.2717973
"Кропивницький,вул. Бобринецький шлях, 89",48.4841662,32.2703691
"Кропивницький,вул. Бобринецький шлях, навпроти буд. № 85",48.479737,32.2718571
"Кропивницький,вул. Бобринецький шлях, навпроти буд. № 99",48.479737,32.2718571
"Кропивницький,вул. Богдана Хмельницького, 121",48.5570912,32.2262523
"Кропивницький,вул. Богдана Хмельницького, 146",48.5588284,32.2241796
"Кропивницький,вул. Богдана Хмельницького, 181",48.56254570000001,32.2178989
"Кропивницький,вул. Богдана Хмельницького, 76",48.5523673,32.2315368
"Кропивницький,вул. Богдана Хмельницького, 80",48.5529831,32.2314481
"Кропивницький,вул. Богдана Хмельницького, 82",48.5532562,32.2313408
"Кропивницький,вул. Братиславська, 38",48.5274669,32.2619342
"Кропивницький,вул. Братиславська, 9",48.52752479999999,32.2604266
"Кропивницький,вул. Братиславська, 9-а",48.498641,32.213214
"Кропивницький,вул. Братиславська, 9-б",48.5279304,32.2593424
"Кропивницький,вул. Братиславська, 9-в",48.52752479999999,32.2604266
"Кропивницький,вул. Братиславська, 9-г",48.52752479999999,32.2604266
"Кропивницький,вул. Братиславська, 9-д",48.52752479999999,32.2604266
"Кропивницький,вул. Братиславська, 92",48.5331238,32.2431
"Кропивницький,вул. Брестська, 3-а",48.56292759999999,32.2269637
"Кропивницький,вул. Будівельників, 1-а",48.5617847,32.2412715
"Кропивницький,вул. Буровугільна, 40",48.5271566,32.2310584
"Кропивницький,вул. В. Перспективна, 10",48.5157928,32.2719192
"Кропивницький,вул. В. Перспективна, 47/16",48.50645799999999,32.2640232
"Кропивницький,вул. В'ячеслава Чорновола, 1",48.5130285,32.2650752
"Кропивницький,вул. В'ячеслава Чорновола, 1",48.5130285,32.2650752
"Кропивницький,вул. В'ячеслава Чорновола, 14/2",48.51422729999999,32.2678498
"Кропивницький,вул. В'ячеслава Чорновола, 4",48.5160086,32.269321
"Кропивницький,вул. Вадима Височина, 4",48.5349766,32.26785220000001
"Кропивницький,вул. Вадима Височина, 50/32",48.5309959,32.2639102
"Кропивницький,вул. Валенти ни Терешкової, 138",48.5227019,32.2331405
"Кропивницький,вул. Валентини Терешкової, 105/14",48.519444,32.2383302
"Кропивницький,вул. Валентини Терешкової, 121",48.5201705,32.2369824
"Кропивницький,вул. Валентини Терешкової, 136",48.5227871,32.2330028
"Кропивницький,вул. Вантажний двір, 28",48.50793300000001,32.262317
"Кропивницький,вул. Варшавська, 2",48.5297054,32.2727558
"Кропивницький,вул. Варшавська, 2-б",48.5287951,32.2747226
"Кропивницький,вул. Василина, 5",48.5173465,32.2781814
"Кропивницький,вул. Василини, 12",48.5166552,32.2782337
"Кропивницький,вул. Василя Нікітіна (Червонозорівська), 22/10",48.528471,32.2715945
"Кропивницький,вул. Василя Нікітіна, 15, корп. 2",48.530209,32.274539
"Кропивницький,вул. Василя Нікітіна, 21-б",48.5282005,32.2724506
"Кропивницький,вул. Василя Нікітіна, 40",48.5297973,32.2727571
"Кропивницький,вул. Васнецова, 3",48.5193482,32.288723
"Кропивницький,вул. Васнецова, 3 ДНЗ № 43",48.5190779,32.2885334
"Кропивницький,вул. Велика  Перспективна (парк ""Молодіжний"")",48.5116132,32.2683835
"Кропивницький,вул. Велика Пермська (навапроти маг. ""Молоток""",48.50793300000001,32.262317
"Кропивницький,вул. Велика Пермська (хлібзавод)",48.50793300000001,32.262317
"Кропивницький,вул. Велика Пермська, 14",48.50793300000001,32.262317
"Кропивницький,вул. Велика Пермська, 16",48.50793300000001,32.262317
"Кропивницький,вул. Велика Пермська, 18",48.50793300000001,32.262317
"Кропивницький,вул. Велика Пермська, 20",48.5116132,32.2683835
"Кропивницький,вул. Велика Пермська, 29",48.5116132,32.2683835
"Кропивницький,вул. Велика Пермська, 3",48.50793300000001,32.262317
"Кропивницький,вул. Велика Пермська, 30",48.5116132,32.2683835
"Кропивницький,вул. Велика Пермська, 67",48.50793300000001,32.262317
"Кропивницький,вул. Велика Пермська, 7",48.50793300000001,32.262317
"Кропивницький,вул. Велика Пермська, 74",48.50793300000001,32.262317
"Кропивницький,вул. Велика Пермська, 76",48.50793300000001,32.262317
"Кропивницький,вул. Велика Пермська, 78",48.50793300000001,32.262317
"Кропивницький,вул. Велика Пермська, 82",48.50793300000001,32.262317
"Кропивницький,вул. Велика Пермська, 9",48.50793300000001,32.262317
"Кропивницький,вул. Велика Пермська, 90",48.50793300000001,32.262317
"Кропивницький,вул. Велика Перспективна (біля маг. ""Сільпо"")",48.5056303,32.2634006
"Кропивницький,вул. Велика Перспективна (біля спортивної школи)",48.5116132,32.2683835
"Кропивницький,вул. Велика Перспективна біля маг. Ельдорадо",48.50544679999999,32.2635829
"Кропивницький,вул. Велика Перспективна-Гоголя",48.5116132,32.2683835
"Кропивницький,вул. Велика Перспективна, 1",48.5177932,32.2748112
"Кропивницький,вул. Велика Перспективна, 1-б",48.51727270000001,32.2753606
"Кропивницький,вул. Велика Перспективна, 10-а",48.5160469,32.2720313
"Кропивницький,вул. Велика Перспективна, 11/11, корп. 6",48.5153257,32.2721254
"Кропивницький,вул. Велика Перспективна, 11/11, корп. 7",48.5153257,32.2721254
"Кропивницький,вул. Велика Перспективна, 16/9",48.5148672,32.2710875
"Кропивницький,вул. Велика Перспективна, 20",48.51440729999999,32.269707
"Кропивницький,вул. Велика Перспективна, 23/13",48.5120661,32.2691893
"Кропивницький,вул. Велика Перспективна, 24",48.5133873,32.2692801
"Кропивницький,вул. Велика Перспективна, 24",48.5133873,32.2692801
"Кропивницький,вул. Велика Перспективна, 32/11",48.5123602,32.2688063
"Кропивницький,вул. Велика Перспективна, 34",48.511767,32.2683049
"Кропивницький,вул. Велика Перспективна, 36",48.5110756,32.2676262
"Кропивницький,вул. Велика Перспективна, 47/16",48.50645799999999,32.2640232
"Кропивницький,вул. Велика Перспективна, 47/16",48.50645799999999,32.2640232
"Кропивницький,вул. Велика Перспективна, 47/16",48.50645799999999,32.2640232
"Кропивницький,вул. Велика Перспективна, 53",48.5053972,32.2636578
"Кропивницький,вул. Велика Перспективна, 53/39",48.505545,32.26365
"Кропивницький,вул. Велика Перспективна, 55 (біля налогової інспекції)",48.5116132,32.2683835
"Кропивницький,вул. Велика Перспективна, 6/3",48.5171536,32.2732397
"Кропивницький,вул. Велика Перспективна, 60",48.505989,32.2630571
"Кропивницький,вул. Велика Перспективна, 65-а",48.5060546,32.264022
"Кропивницький,вул. Велика Перспективна, 7",48.5161166,32.2728668
"Кропивницький,вул. Велика Перспективна, 78 (біля обленерго)",48.50341419999999,32.2596024
"Кропивницький,вул. Велика Перспективна, 8",48.5165594,32.2726349
"Кропивницький,вул. Велика Перспективна, 9",48.5156314,32.2728173
"Кропивницький,вул. Велика Перспективна, 9",48.5156314,32.2728173
"Кропивницький,вул. Верхня Биковська, 25/14",50.4225348,30.54995
"Кропивницький,вул. Верхня Биковська, 36",48.4850627,32.2379246
"Кропивницький,вул. Верхня Биковська, 39",48.4850627,32.2379246
"Кропивницький,вул. Верхня Биковська, 60",48.4850627,32.2379246
"Кропивницький,вул. Верхня Биковська, 75",48.4850627,32.2379246
"Кропивницький,вул. Верхня Пермська, 15",48.49864230000001,32.2660014
"Кропивницький,вул. Верхня Пермська, 46",48.4982761,32.2658598
"Кропивницький,вул. Верхня Пермська, 84/2",48.49489560000001,32.2693559
"Кропивницький,вул. Віктора Чміленка навпроти буд № 48",48.5095697,32.2664962
"Кропивницький,вул. Віктора Чміленка, 109-а",48.5053701,32.2768368
"Кропивницький,вул. Віктора Чміленка, 114",48.5066485,32.2731055
"Кропивницький,вул. Віктора Чміленка, 31",48.5150228,32.2533717
"Кропивницький,вул. Віктора Чміленка, 67",48.5091408,32.2687992
"Кропивницький,вул. Віктора Чміленка, 71",48.5084563,32.2695942
"Кропивницький,вул. Віктора Чміленка, 71",48.5084563,32.2695942
"Кропивницький,вул. Віктора Чміленка, 85",48.5075642,32.2716771
"Кропивницький,вул. Віктора Чміленка, 88",48.50914299999999,32.2673599
"Кропивницький,вул. Віктора Чміленка, 88",48.50914299999999,32.2673599
"Кропивницький,вул. Віктора Чміленка, 94",48.5083714,32.2690317
"Кропивницький,вул. Віктора Чміленка, 95",48.5065914,32.2742256
"Кропивницький,вул. Віктора Чміленка, 97",48.5063906,32.2747272
"Кропивницький,вул. Водоп'янова, 38",48.4922359,32.2872821
"Кропивницький,вул. Водоп'янова, 73",48.4892998,32.2827304
"Кропивницький,вул. Вознесенська (Свердлова), 74",48.50793300000001,32.262317
"Кропивницький,вул. Вознесенська (Свердлова), 94",48.50793300000001,32.262317
"Кропивницький,вул. Вокзальна (біля маг. ""АТБ"")",48.5031498,32.2380467
"Кропивницький,вул. Вокзальна, 11",48.5220837,32.2582676
"Кропивницький,вул. Вокзальна, 18, корп. 2",48.523003,32.258641
"Кропивницький,вул. Вокзальна, 28",48.5156196,32.2497824
"Кропивницький,вул. Вокзальна, 31",48.5188114,32.2547405
"Кропивницький,вул. Вокзальна, 4",48.5228307,32.2583848
"Кропивницький,вул. Вокзальна, 6",48.5220806,32.2575822
"Кропивницький,вул. Вокзальна, 66-а",48.5061838,32.2412693
"Кропивницький,вул. Вокзальна, 72",48.5038742,32.2386366
"Кропивницький,вул. Волкова 26 корп. 2",48.5128496,32.2250155
"Кропивницький,вул. Волкова біля ЗОШ № 19",48.50117299999999,32.2218192
"Кропивницький,вул. Волкова біля контейнерного майданчика",48.50483670000001,32.2225568
"Кропивницький,вул. Волкова навпроти буд. № 9",48.50483670000001,32.2225568
"Кропивницький,вул. Волкова перед входом в Дендропарк",48.50483670000001,32.2225568
"Кропивницький,вул. Волкова, 10, корп. 4",48.5103273,32.2242849
"Кропивницький,вул. Волкова, 11, корп. 1",48.5006044,32.2207138
"Кропивницький,вул. Волкова, 11, корп. 2",48.5006044,32.2207138
"Кропивницький,вул. Волкова, 12",48.5096708,32.225118
"Кропивницький,вул. Волкова, 14, корп. 1",48.50765879999999,32.2234158
"Кропивницький,вул. Волкова, 14, корп. 1",48.50765879999999,32.2234158
"Кропивницький,вул. Волкова, 16 корп. 2",48.5128496,32.2250155
"Кропивницький,вул. Волкова, 16, корп.1",48.5004976,32.2224746
"Кропивницький,вул. Волкова, 18, корп. 1",48.5058691,32.2228973
"Кропивницький,вул. Волкова, 18, корп. 2",48.5128496,32.2250155
"Кропивницький,вул. Волкова, 18, корп. 2",48.5128496,32.2250155
"Кропивницький,вул. Волкова, 2",48.512969,32.2243137
"Кропивницький,вул. Волкова, 2 (ДНЗ № 71)",48.5110541,32.2265341
"Кропивницький,вул. Волкова, 20",48.504847,32.224341
"Кропивницький,вул. Волкова, 20 корп. 2",48.5128496,32.2250155
"Кропивницький,вул. Волкова, 20, корп. 1",48.50509419999999,32.2226422
"Кропивницький,вул. Волкова, 24 (ЗОШ № 19)",48.501094,32.222218
"Кропивницький,вул. Волкова, 24-в",48.5010863,32.2222336
"Кропивницький,вул. Волкова, 26-а (ЗОШ №19)",48.50117299999999,32.2218192
"Кропивницький,вул. Волкова, 26, корп. 1",48.4980467,32.2224389
"Кропивницький,вул. Волкова, 26, корп. 1",48.4980467,32.2224389
"Кропивницький,вул. Волкова, 26, корп. 2",48.5128496,32.2250155
"Кропивницький,вул. Волкова, 28, корп .4",48.49917689999999,32.2248054
"Кропивницький,вул. Волкова, 28, корп. 1",48.49917689999999,32.2248054
"Кропивницький,вул. Волкова, 28, корп. 2",48.5128496,32.2250155
"Кропивницький,вул. Волкова, 28, корп. 3",48.49917689999999,32.2248054
"Кропивницький,вул. Волкова, 28, корп. 5",48.49917689999999,32.2248054
"Кропивницький,вул. Волкова, 28, корп. 5",48.49917689999999,32.2248054
"Кропивницький,вул. Волкова, 3",48.508526,32.225522
"Кропивницький,вул. Волкова, 3-в (навпроти автостоянки)",48.50483670000001,32.2225568
"Кропивницький,вул. Волкова, 30",48.4968914,32.2237509
"Кропивницький,вул. Волкова, 6, корп. 2",48.5128496,32.2250155
"Кропивницький,вул. Волкова, 8, корп. 1",48.51104309999999,32.2233632
"Кропивницький,вул. Волкова, 9, корп. 1",48.5014697,32.2204513
"Кропивницький,вул. Волкова, 9, корп. 3",48.5014697,32.2204513
"Кропивницький,вул. Волкова, біля автостоянки",48.50483670000001,32.2225568
"Кропивницький,вул. Волкова, біля ЗОШ № 19",48.50117299999999,32.2218192
"Кропивницький,вул. Волкова, біля обласної лікарні)",48.5057199,32.2196508
"Кропивницький,вул. Волкова, навпроти буд. № 3",48.50483670000001,32.2225568
"Кропивницький,вул. Волкова, навпроти буд. № 5",48.50483670000001,32.2225568
"Кропивницький,вул. Волкова, навпроти буд. № 7",48.50483670000001,32.2225568
"Кропивницький,вул. Волкова, навпроти обласної лікарні",48.5057199,32.2196508
"Кропивницький,вул. Волкова, навпроти транспортних воріт обласної лікарні",48.5057199,32.2196508
"Кропивницький,вул. Володарського, 14",48.51398649999999,32.2759123
"Кропивницький,вул. Володарського/Гоголя",48.507479,32.266769
"Кропивницький,вул. Володимирська, 52/20",48.5324381,32.2696986
"Кропивницький,вул. Володимирська, 54/35",48.5318615,32.2696277
"Кропивницький,вул. Володимирська, 69",48.52881499999999,32.2665279
"Кропивницький,вул. Володимирська, 73",48.5284747,32.2661895
"Кропивницький,вул. Володимирська,41/16",48.5313807,32.2687281
"Кропивницький,вул. Володі Дубініна, 9",48.4733059,32.3024684
"Кропивницький,вул. Воровського, 44/9",48.5330812,32.2736235
"Кропивницький,вул. Воровського, 46",48.5301317,32.2702487
"Кропивницький,вул. Вячеслава Чорновола, 1-б",48.5160568,32.2701399
"Кропивницький,вул. Вячеслава Чорновола, 5",48.5153833,32.26951
"Кропивницький,вул. Вячеслава Чорновола, 5/3",48.5153833,32.26951
"Кропивницький,вул. Вячеслава Чорновола, 6/1",48.5156011,32.268954
"Кропивницький,вул. Г Сталінграда, 12 корп. 1",48.4937557,32.2153451
"Кропивницький,вул. Г Сталінграда, 12 корп. 2",48.4937557,32.2153451
"Кропивницький,вул. Г Сталінграда, 12 корп. 2",48.4937557,32.2153451
"Кропивницький,вул. Г Сталінграда, 12 корп. 5",48.4937557,32.2153451
"Кропивницький,вул. Габдрахманова, 16",48.5038223,32.2503101
"Кропивницький,вул. Габдрахманова, 31",48.5064494,32.243688
"Кропивницький,вул. Габдрахманова, 61",48.5085434,32.2390842
"Кропивницький,вул. Гагаріна, 10",48.5129894,32.271355
"Кропивницький,вул. Гагаріна, 12",48.5127963,32.2710272
"Кропивницький,вул. Гагаріна, 12",48.5127963,32.2710272
"Кропивницький,вул. Гагаріна, 12",48.5127963,32.2710272
"Кропивницький,вул. Гагаріна, 12",48.5127963,32.2710272
"Кропивницький,вул. Гагаріна, 13/8",48.5130287,32.271269
"Кропивницький,вул. Гагаріна, 16",48.5123109,32.2728457
"Кропивницький,вул. Гагаріна, 16-б",48.5123109,32.2728457
"Кропивницький,вул. Гагаріна, 16-б (ДНЗ)",48.51248400000001,32.2724637
"Кропивницький,вул. Гагаріна, 18",48.5120171,32.2730272
"Кропивницький,вул. Гагаріна, 21",48.5122152,32.2735065
"Кропивницький,вул. Гагаріна, 22",48.5113256,32.2746085
"Кропивницький,вул. Гагаріна, 24",48.5112167,32.2748865
"Кропивницький,вул. Гагаріна, 26",48.5111008,32.2751177
"Кропивницький,вул. Гагаріна, 3-а",48.514137,32.2692494
"Кропивницький,вул. Гагаріна, 35",48.5107091,32.2768533
"Кропивницький,вул. Гагаріна, 36",48.5104191,32.2765979
"Кропивницький,вул. Гагаріна, 4",48.5142645,32.2682804
"Кропивницький,вул. Гагаріна, 40/21",48.50992600000001,32.277703
"Кропивницький,вул. Гагаріна, 43/19",48.512489,32.273417
"Кропивницький,вул. Гагаріна, 48/12",48.5096323,32.2787128
"Кропивницький,вул. Гагаріна, 7",48.5133092,32.271073
"Кропивницький,вул. Гагаріна, 9",48.5133055,32.2710693
"Кропивницький,вул. Гагаріна/Червоногвардійська",48.50793300000001,32.262317
"Кропивницький,вул. Гайдара, 26 ДНЗ № 54 ""Чебурашка""",48.5257137,32.2765764
"Кропивницький,вул. Ганни Дмитр'ян",48.5205662,32.2598743
"Кропивницький,вул. Генерадла Жадова, 23, корп. 2",48.494011,32.204314
"Кропивницький,вул. Генерала Жадова, 21-а",48.4957714,32.2044451
"Кропивницький,вул. Генерала Жадова, 21, корп. 1",48.496919,32.2022346
"Кропивницький,вул. Генерала Жадова, 21, корп. 3",48.496919,32.2022346
"Кропивницький,вул. Генерала Жадова, 23-а (ДНЗ № 3 ""Незабудка""",48.4941098,32.2056698
"Кропивницький,вул. Генерала Жадова, 32",48.4904833,32.1990954
"Кропивницький,вул. Генерала Родимцева, 16",48.4955266,32.2945202
"Кропивницький,вул. Генерала Родимцева, 52",48.49607719999999,32.3006749
"Кропивницький,вул. Генерала Родимцева, 58",48.49614709999999,32.3013888
"Кропивницький,вул. Генерала Родимцева, 72-в (біля гаража)",48.49857540000001,32.3133781
"Кропивницький,вул. Генерала Родимцева, 81-а",48.4969725,32.300111
"Кропивницький,вул. Генерала Родимцева, 83-а",48.4968039,32.3009402
"Кропивницький,вул. Генерала Родимцева, 83-в",48.4968039,32.3009402
"Кропивницький,вул. Генерала Родимцева, 85",48.4972252,32.300791
"Кропивницький,вул. Генерала Родимцева, 92",48.4972214,32.3066018
"Кропивницький,вул. Генерала Родимцева, 92, корп. 1",48.4977404,32.3065434
"Кропивницький,вул. Генерала Родимцева, 94",48.4972581,32.3071787
"Кропивницький,вул. Генерала Родимцева, 94",48.4972581,32.3071787
"Кропивницький,вул. Генерала Родимцева, 98",48.4979884,32.3101927
"Кропивницький,вул. Генерала Родимцева, 98, корп. 2",48.497966,32.310385
"Кропивницький,вул. Генерала Родимцева, 98, корп. 3",48.497966,32.310385
"Кропивницький,вул. Генерала Родимценва, 92, корп. 1",48.50793300000001,32.262317
"Кропивницький,вул. Генерала Шумілова, 10",48.4965942,32.2669562
"Кропивницький,вул. Героїв  Сталінграда, 19",48.4968294,32.2352833
"Кропивницький,вул. Героїв  Сталінграда, 23",48.4963661,32.2362077
"Кропивницький,вул. Героїв Сталінграда (біля Рівненського кладовища)",48.482482,32.1849889
"Кропивницький,вул. Героїв Сталінграда, 11",48.4975073,32.2361067
"Кропивницький,вул. Героїв Сталінграда, 13",48.4977451,32.2340259
"Кропивницький,вул. Героїв Сталінграда, 14",48.4937615,32.2137266
"Кропивницький,вул. Героїв Сталінграда, 16, корп. 1",48.493007,32.2127309
"Кропивницький,вул. Героїв Сталінграда, 17",48.4969814,32.2339635
"Кропивницький,вул. Героїв Сталінграда, 17",48.4969814,32.2339635
"Кропивницький,вул. Героїв Сталінграда, 23",48.4963661,32.2362077
"Кропивницький,вул. Героїв Сталінграда, 25",48.4955063,32.2361741
"Кропивницький,вул. Героїв Сталінграда, 25",48.4955063,32.2361741
"Кропивницький,вул. Героїв Сталінграда, 27 ДНЗ № 48 ""Журавушка""",48.4901185,32.199145
"Кропивницький,вул. Героїв Сталінграда, 3",48.4991498,32.2373238
"Кропивницький,вул. Героїв Сталінграда, 4",48.4968177,32.225586
"Кропивницький,вул. Героїв Сталінграда, 5",48.498691,32.236287
"Кропивницький,вул. Героїв Сталінграда, 6-а",48.50793300000001,32.262317
"Кропивницький,вул. Героїв Сталінграда, 7",48.49829450000001,32.2353293
"Кропивницький,вул. Героїв Сталінграда, 8",48.4946574,32.2183047
"Кропивницький,вул. Героїв України (Героїв Сталінграда), 12, корп. 5",48.482482,32.1849889
"Кропивницький,вул. Героїв України (Героїв Сталінграда), 38",48.4875373,32.196056
"Кропивницький,вул. Героїв України (сквер 50 років Жовтня)",48.50793300000001,32.262317
"Кропивницький,вул. Героїв України, 12, корп. 1",48.4937557,32.2153451
"Кропивницький,вул. Героїв України, 12, корп. 3",48.4937557,32.2153451
"Кропивницький,вул. Героїв України, 12, корп. 4",48.4937557,32.2153451
"Кропивницький,вул. Героїв України, 12, корп. 5",48.4937557,32.2153451
"Кропивницький,вул. Героїв України, 14",48.4937615,32.2137266
"Кропивницький,вул. Героїв України, 14, корп. 1",48.4941936,32.2187922
"Кропивницький,вул. Героїв України, від вул. Волкова до вул. Пацаєва",48.50793300000001,32.262317
"Кропивницький,вул. Герцена, 9",48.49303949999999,32.3028644
"Кропивницький,вул. Глинки статуправління",48.499183,32.24900600000001
"Кропивницький,вул. Глинки, 1 (ЗОШ № 32)",48.4981875,32.2473912
"Кропивницький,вул. Глинки, 2",48.4877969,32.2364727
"Кропивницький,вул. Глинки, 69/22",48.49417990000001,32.2445126
"Кропивницький,вул. Глинки,2",48.4877969,32.2364727
"Кропивницький,вул. Глиняна, 9",48.511744,32.2488481
"Кропивницький,вул. Гоголя (маг. Фуршет"")",48.5135155,32.2560713
"Кропивницький,вул. Гоголя з-д ім. В.К. Таратути",48.51508500000001,32.251445
"Кропивницький,вул. Гоголя між № 43 та 45",48.507479,32.266769
"Кропивницький,вул. Гоголя навпроти заправки ""Окко""",48.50793300000001,32.262317
"Кропивницький,вул. Гоголя,  131",48.5043101,32.2747678
"Кропивницький,вул. Гоголя, (біля паркану КОДЛ)",48.50793300000001,32.262317
"Кропивницький,вул. Гоголя, 101",48.5069172,32.2683931
"Кропивницький,вул. Гоголя, 113",48.5057395,32.2712484
"Кропивницький,вул. Гоголя, 122-а",48.504129,32.2742342
"Кропивницький,вул. Гоголя, 153 (навпроти)",48.507479,32.266769
"Кропивницький,вул. Гоголя, 160",48.5011024,32.2831606
"Кропивницький,вул. Гоголя, 42",48.5111794,32.2583314
"Кропивницький,вул. Гоголя, 44",48.5106534,32.2591766
"Кропивницький,вул. Гоголя, 46",48.5108582,32.2589739
"Кропивницький,вул. Гоголя, 48",48.5107133,32.2592622
"Кропивницький,вул. Гоголя, 49/16",48.5117287,32.2577241
"Кропивницький,вул. Гоголя, 60",48.5092793,32.26189590000001
"Кропивницький,вул. Гоголя, 62",48.5093144,32.2621603
"Кропивницький,вул. Гоголя, 67/24",48.5105034,32.2598888
"Кропивницький,вул. Гоголя, 67/24",48.5105034,32.2598888
"Кропивницький,вул. Гоголя, 77/25",48.5096104,32.2618508
"Кропивницький,вул. Гоголя, 85",48.5089118,32.2635649
"Кропивницький,вул. Гоголя, 86",48.5068054,32.2679859
"Кропивницький,вул. Гоголя, 91/46",48.5077742,32.2671091
"Кропивницький,вул. Гоголя, 95",48.5076439,32.2674086
"Кропивницький,вул. Грузовий двір, 28",48.50793300000001,32.262317
"Кропивницький,вул. Далекосхідна, 72",48.509361,32.2944148
"Кропивницький,вул. Дарвіна, 50",48.5226821,32.2196999
"Кропивницький,вул. Дворцова-Пашутінська",48.50793300000001,32.262317
"Кропивницький,вул. Дворцова, 10",48.5120629,32.2636663
"Кропивницький,вул. Дворцова, 16/7",48.5120629,32.2636663
"Кропивницький,вул. Дворцова, 38",48.51007750000001,32.2690082
"Кропивницький,вул. Дворцова, 48",48.50936309999999,32.2703812
"Кропивницький,вул. Дворцова, 51/44",48.509276,32.271429
"Кропивницький,вул. Дворцова, 65",48.5080866,32.2739162
"Кропивницький,вул. Дворцова, 66",48.5079212,32.2737566
"Кропивницький,вул. Дворцова, 66",48.5079212,32.2737566
"Кропивницький,вул. Дворцова, 69",48.50779439999999,32.27422
"Кропивницький,вул. Дворцова, 7",48.5127989,32.2631575
"Кропивницький,вул. Дворцова, 85",48.5067899,32.2768543
"Кропивницький,вул. Декабристів, 22",48.50979969999999,32.2613463
"Кропивницький,вул. Декабристів, 23-а та 23-б",48.51105459999999,32.2628584
"Кропивницький,вул. Декабристів, 29",48.5092849,32.2611357
"Кропивницький,вул. Декабристів, 3",48.5125615,32.2643959
"Кропивницький,вул. Декабристів, 3",48.5125615,32.2643959
"Кропивницький,вул. Десантників, 43",48.4909385,32.2890942
"Кропивницький,вул. Десантників, 56/84",48.4890029,32.2857593
"Кропивницький,вул. Дзержинського (біля воєнкомату)",48.50793300000001,32.262317
"Кропивницький,вул. Дзержинського (маг. Фуршет"")",48.5135155,32.2560713
"Кропивницький,вул. Дзержинського, 107",48.5056509,32.2761281
"Кропивницький,вул. Дзержинського, 109",48.5053701,32.2768368
"Кропивницький,вул. Дзержинського, 110/57",48.5072334,32.2720656
"Кропивницький,вул. Дзержинського, 114",48.5066485,32.2731055
"Кропивницький,вул. Дзержинського, 71",48.5084563,32.2695942
"Кропивницький,вул. Дзержинського, 81",48.5078781,32.2710922
"Кропивницький,вул. Дзержинського, 89",48.5071089,32.2729908
"Кропивницький,вул. Дзержинського, 96-б",48.5081056,32.2696021
"Кропивницький,вул. Добровольського, 1",48.533946,32.27552
"Кропивницький,вул. Добровольського, 11",48.53681539999999,32.2705331
"Кропивницький,вул. Добровольського, 11",48.53681539999999,32.2705331
"Кропивницький,вул. Добровольського, 13-а",48.5362745,32.2725037
"Кропивницький,вул. Добровольського, 15",48.53764719999999,32.2687122
"Кропивницький,вул. Добровольського, 17",48.53765720000001,32.2687226
"Кропивницький,вул. Добровольського, 18",48.5379533,32.2710719
"Кропивницький,вул. Добровольського, 18",48.5379533,32.2710719
"Кропивницький,вул. Добровольського, 20",48.5380664,32.2701549
"Кропивницький,вул. Добровольського, 22",48.5381455,32.2693462
"Кропивницький,вул. Добровольського, 24",48.5387683,32.2701388
"Кропивницький,вул. Добровольського, 26",48.5387681,32.2684714
"Кропивницький,вул. Добровольського, 3",48.5349818,32.2747166
"Кропивницький,вул. Добровольського, 4",48.5358931,32.2737546
"Кропивницький,вул. Добровольського, 6",48.536776,32.2726048
"Кропивницький,вул. Добровольського, 7",48.5359156,32.2725706
"Кропивницький,вул. Добровольського, 8",48.5370081,32.2721423
"Кропивницький,вул. Добровольського, 9",48.5364475,32.271429
"Кропивницький,вул. Донецька, 3 та 5",48.5202732,32.235362
"Кропивницький,вул. Донецька, 38",48.5198426,32.2363955
"Кропивницький,вул. Ельворті (Орджонікідзе) біля клубу ""Зірочка""",48.50793300000001,32.262317
"Кропивницький,вул. Ельворті біля (ПАТ ""Червона зірка"")",48.50793300000001,32.262317
"Кропивницький,вул. Ельворті, 2",48.5181827,32.2621225
"Кропивницький,вул. Енергетиків, 9",48.52608439999999,32.2499633
"Кропивницький,вул. Євгегна Тельнова, 8, корп. 4, під. 4",48.5015495,32.2200849
"Кропивницький,вул. Євгена Маланюка, 24",48.5214253,32.2887157
"Кропивницький,вул. Євгена Маланюка, 24-26",48.5214253,32.2887157
"Кропивницький,вул. Євгена Маланюка, 4 (музшкола № 4)",48.518318,32.278743
"Кропивницький,вул. Євгена Маланюка, 5",48.5191842,32.2775284
"Кропивницький,вул. Євгена Маланюка, 9",48.5194969,32.2791007
"Кропивницький,вул. Євгена Тельнова, 10/16",48.5047063,32.2212334
"Кропивницький,вул. Євгена Тельнова, 11",48.5033174,32.2275927
"Кропивницький,вул. Євгена Тельнова, 11/31",48.5033174,32.2275927
"Кропивницький,вул. Євгена Тельнова, 13",48.5039503,32.2242068
"Кропивницький,вул. Євгена Тельнова, 14/22",48.5032417,32.2261288
"Кропивницький,вул. Євгена Тельнова, 14/22",48.5032417,32.2261288
"Кропивницький,вул. Євгена Тельнова, 2, корп. 2 (маг. ""Спутник"")",48.5023723,32.2337985
"Кропивницький,вул. Євгена Тельнова, 2, корп. 3",48.5018937,32.234619
"Кропивницький,вул. Євгена Тельнова, 20 (ДНЗ № 29)",48.504062,32.232208
"Кропивницький,вул. Євгена Тельнова, 3, корп. 1",48.5018783,32.2347282
"Кропивницький,вул. Євгена Тельнова, 3, корп. 2",48.5018783,32.2347282
"Кропивницький,вул. Євгена Тельнова, 4",48.5028072,32.2325896
"Кропивницький,вул. Євгена Тельнова, 45 (територіальний центр)",48.5158107,32.2052178
"Кропивницький,вул. Євгена Тельнова, 5",48.5033629,32.2322742
"Кропивницький,вул. Євгена Тельнова, 6, корп. 1",48.5024163,32.2312683
"Кропивницький,вул. Євгена Тельнова, 7 корп. 1",48.5025026,32.2307289
"Кропивницький,вул. Євгена Тельнова, 7 корп. 4",48.502796,32.232657
"Кропивницький,вул. Євгена Тельнова, 7, корп. 5",48.50336799999999,32.2323
"Кропивницький,вул. Євгена Тельнова, 8, корп. 2",48.5026266,32.2299565
"Кропивницький,вул. Євгена Тельнова, 8, корп. 3",48.5026266,32.2299565
"Кропивницький,вул. Євгена Тельнова, 8, корп. 5",48.50336799999999,32.2323
"Кропивницький,вул. Євгена Тельнова, 8, корп. 6",48.5026266,32.2299565
"Кропивницький,вул. Євгена Тельнова, 9 (навпроти АТБ)",48.5034308,32.227836
"Кропивницький,вул. Євгена Тельнова, 9, корп. 2",48.502809,32.2288253
"Кропивницький,вул. Євгена Тельнова, 9, корп. 2",48.502809,32.2288253
"Кропивницький,вул. Євгена Тельнова, за маг. ""Робочий одяг""",48.50300319999999,32.23161150000001
"Кропивницький,вул. Єгорова, 100",48.510754,32.2847309
"Кропивницький,вул. Єгорова, 11",48.5146282,32.2715029
"Кропивницький,вул. Єгорова, 13",48.51423930000001,32.2722575
"Кропивницький,вул. Єгорова, 19",48.5134404,32.2744597
"Кропивницький,вул. Єгорова, 26",48.5130075,32.2745905
"Кропивницький,вул. Єгорова, 27",48.5123444,32.2780258
"Кропивницький,вул. Єгорова, 28/22",48.5137357,32.2719198
"Кропивницький,вул. Єгорова, 49",48.5118142,32.2811759
"Кропивницький,вул. Єгорова, 56",48.5114719,32.2800553
"Кропивницький,вул. Єгорова, 59",48.5116253,32.2812573
"Кропивницький,вул. Єгорова, 6",48.5149575,32.2696877
"Кропивницький,вул. Жовтневої революції (сквер ""Жовтневий"")",48.50793300000001,32.262317
"Кропивницький,вул. Жовтневої революції-Соціалістична",48.50793300000001,32.262317
"Кропивницький,вул. Жовтневої революції, 14",48.520262,32.2555342
"Кропивницький,вул. Жовтневої революції, 17",48.5215346,32.2577965
"Кропивницький,вул. Жовтневої революції, 18-а",48.519109,32.2528581
"Кропивницький,вул. Жовтневої революції, 18, корп. 1",48.5186681,32.2533867
"Кропивницький,вул. Жовтневої революції, 19",48.52057079999999,32.2569115
"Кропивницький,вул. Жовтневої революції, 21 ДНЗ № 24",48.5117762,32.2474051
"Кропивницький,вул. Жовтневої революції, 26, корп. 2",48.523003,32.258641
"Кропивницький,вул. Жовтневої революції, 31",48.5188114,32.2547405
"Кропивницький,вул. Жовтневої революції, 37/16",48.5172394,32.2535077
"Кропивницький,вул. Жовтневої революції, 4",48.5228307,32.2583848
"Кропивницький,вул. Жовтневої революції, 58",48.5086019,32.2441953
"Кропивницький,вул. Жовтневої революції, 70",48.50462150000001,32.2395862
"Кропивницький,вул. Запорізька (за цвинтарем)",48.50793300000001,32.262317
"Кропивницький,вул. Зінченка, 3",48.5012965,32.2596272
"Кропивницький,вул. Зінченка, 3-а",48.5012965,32.2596272
"Кропивницький,вул. Зінченка, 4-б",48.4995228,32.260387
"Кропивницький,вул. Зінченка, 5",48.4988357,32.2613298
"Кропивницький,вул. І.Франка (ЗОШ № 23)",48.52790700000001,32.234814
"Кропивницький,вул. Івана Франка (біля ЗОШ № 23)",48.52790700000001,32.234814
"Кропивницький,вул. Індустріадльна, 69",48.52837539999999,32.2619536
"Кропивницький,вул. Індустріальна, 55",48.53107019999999,32.2644729
"Кропивницький,вул. Кавалерійська, 13",48.5147268,32.2590744
"Кропивницький,вул. Кавалерійська, 17/19",48.5140775,32.2572095
"Кропивницький,вул. Кавалерійська, 8",48.517221,32.2601071
"Кропивницький,вул. Кавказька, 16-б",48.49234089999999,32.2677518
"Кропивницький,вул. Калініна, 10/14",48.5127435,32.2620244
"Кропивницький,вул. Калініна, 12-а",48.5107678,32.2603124
"Кропивницький,вул. Калініна, 32",48.5095175,32.2589811
"Кропивницький,вул. Калініна, 38 (ДЮСШ)",48.5107678,32.2603124
"Кропивницький,вул. Карабінерна, 27",48.5075252,32.2770798
"Кропивницький,вул. Карабінерна, 30/79",48.50737100000001,32.2763914
"Кропивницький,вул. Карабінерна, 33",48.5068168,32.276245
"Кропивницький,вул. Карабінерна, 36",48.50655949999999,32.27567430000001
"Кропивницький,вул. Карабінерна, 43",48.5055901,32.2750666
"Кропивницький,вул. Карабінерна, 49",48.50476339999999,32.274073
"Кропивницький,вул. Карабінерна, 68",48.5020913,32.2713951
"Кропивницький,вул. Карабінерна, 75",48.50157859999999,32.2713295
"Кропивницький,вул. Карабінерна, 8",48.51024959999999,32.2788056
"Кропивницький,вул. Карабінерна, 83",48.5017552,32.271266
"Кропивницький,вул. Карабінерна, 85",48.50164729999999,32.2711715
"Кропивницький,вул. Карабінерна, 91",48.5009081,32.2705522
"Кропивницький,вул. Карусельна, 30",48.4930989,32.249494
"Кропивницький,вул. Каховська, 14",48.5071497,32.2524176
"Кропивницький,вул. Київська (ЗОШ № 14)",48.5205857,32.2566425
"Кропивницький,вул. Київська біля мосту",48.50793300000001,32.262317
"Кропивницький,вул. Київська біля мосту",48.50793300000001,32.262317
"Кропивницький,вул. Київська навпроти газової заправки",48.50793300000001,32.262317
"Кропивницький,вул. Київська, 10",48.5200805,32.2588248
"Кропивницький,вул. Київська, 11/3",48.519231,32.25985
"Кропивницький,вул. Київська, 18",48.5207761,32.2574377
"Кропивницький,вул. Київська, 19",48.5209512,32.256421
"Кропивницький,вул. Київська, 19",48.5209512,32.256421
"Кропивницький,вул. Київська, 29",48.5214968,32.2547193
"Кропивницький,вул. Київська, 3",48.5185942,32.2611371
"Кропивницький,вул. Київська, 31",48.5220901,32.2536997
"Кропивницький,вул. Київська, 31",48.5220901,32.2536997
"Кропивницький,вул. Київська, 34",48.5222211,32.2543531
"Кропивницький,вул. Київська, 36",48.52209,32.2545154
"Кропивницький,вул. Київська, 38",48.5222451,32.2539131
"Кропивницький,вул. Київська, 42",48.5222378,32.2534655
"Кропивницький,вул. Київська, 47",48.5239926,32.2420106
"Кропивницький,вул. Київська, 48-а",48.5242875,32.2438241
"Кропивницький,вул. Київська, 53",48.5239165,32.2402103
"Кропивницький,вул. Київська, 57",48.5238844,32.2395828
"Кропивницький,вул. Київська, 61/64",48.5240841,32.2425137
"Кропивницький,вул. Київська, 70",48.5241541,32.2413641
"Кропивницький,вул. Київська, 72",48.52425299999999,32.2411871
"Кропивницький,вул. Київська, 74/39",48.5240933,32.2408754
"Кропивницький,вул. Київська, 75",48.5238771,32.2365454
"Кропивницький,вул. Київська, 78/43",48.5223546,32.2525983
"Кропивницький,вул. Київська, 82",48.5242307,32.2394796
"Кропивницький,вул. Київська, 9",48.5191068,32.2602717
"Кропивницький,вул. Київська, 9",48.5191068,32.2602717
"Кропивницький,вул. Київська, 94",48.5241889,32.2384026
"Кропивницький,вул. Київська, між будинками 22 та 24",48.50793300000001,32.262317
"Кропивницький,вул. Кільцева, 40/3",48.521999,32.2169599
"Кропивницький,вул. Кірова, 21",48.5114503,32.2764335
"Кропивницький,вул. Кірова, 21",48.5114503,32.2764335
"Кропивницький,вул. Кірова, 6",48.5120557,32.2764465
"Кропивницький,вул. Кірова, 63",48.50617339999999,32.2709966
"Кропивницький,вул. Кірова, 78",48.504302,32.2680564
"Кропивницький,вул. Кірова, 9",48.5128254,32.2778806
"Кропивницький,вул. Колгоспна (ЗОШ № 27)",48.50888800000001,32.258245
"Кропивницький,вул. Колгоспна, 100",48.5246918,32.2662056
"Кропивницький,вул. Колгоспна, 30",48.5309669,32.2724481
"Кропивницький,вул. Колгоспна, 49",48.5286637,32.2709376
"Кропивницький,вул. Колгоспна, 66",48.5278053,32.2693339
"Кропивницький,вул. Колгоспна, 70",48.5274147,32.2689126
"Кропивницький,вул. Колгоспна, 71/24",48.526802,32.2688528
"Кропивницький,вул. Колгоспна, 76",48.526976,32.2685059
"Кропивницький,вул. Колгоспна, біля арки",48.5282926,32.2698384
"Кропивницький,вул. Колгоспна,90/20",48.5256276,32.2670639
"Кропивницький,вул. Комарова (вїзд на територію ЗОШ № 17)",48.4946287,32.2387009
"Кропивницький,вул. Комарова, 1",48.5043346,32.2459946
"Кропивницький,вул. Комарова, 19",48.501548,32.244264
"Кропивницький,вул. Комарова, 3",48.5038609,32.246187
"Кропивницький,вул. Комарова, 31",48.49934349999999,32.2427529
"Кропивницький,вул. Комарова, 37/3",48.4985089,32.2422218
"Кропивницький,вул. Комарова, 38",48.5001663,32.2422098
"Кропивницький,вул. Комарова, 39",48.498209,32.2420676
"Кропивницький,вул. Комарова, 40",48.4997238,32.2424418
"Кропивницький,вул. Комарова, 42",48.498834,32.2418783
"Кропивницький,вул. Комарова, 44",48.49793709999999,32.241268
"Кропивницький,вул. Комарова, 5",48.5033683,32.24525810000001
"Кропивницький,вул. Комарова, 50 (вздовж огорожі д/с № 48)",48.49651790000001,32.2407062
"Кропивницький,вул. Комарова, 54 (ЗОШ № 17)",48.4946287,32.2387009
"Кропивницький,вул. Комарова, 58",48.4971417,32.2373444
"Кропивницький,вул. Комарова, 60 (ДНЗ № 22 ""Оленка"")",48.4938096,32.2365901
"Кропивницький,вул. Комарова, 9",48.5026384,32.245087
"Кропивницький,вул. Комарова, біля ЗОШ № 17",48.4946287,32.2387009
"Кропивницький,вул. Комунальна, 12",48.556219,32.2384396
"Кропивницький,вул. Короленка (дитячий приймальник)",48.5353893,32.2713092
"Кропивницький,вул. Короленка (зупинка школа-інтернат)",48.5381671,32.2655826
"Кропивницький,вул. Короленка, 1-а",48.5446147,32.2822042
"Кропивницький,вул. Короленка, 2",48.5295313,32.2879358
"Кропивницький,вул. Короленка, 2",48.5295313,32.2879358
"Кропивницький,вул. Короленка, 2-а",48.5353893,32.2713092
"Кропивницький,вул. Короленка, 20/2",48.5315545,32.2801638
"Кропивницький,вул. Короленка, 23",48.5315859,32.2788811
"Кропивницький,вул. Короленка, 24",48.534976,32.2733451
"Кропивницький,вул. Короленка, 26",48.53536649999999,32.2729328
"Кропивницький,вул. Короленка, 34",48.5362832,32.2700074
"Кропивницький,вул. Короленка, 40",48.53721119999999,32.2681574
"Кропивницький,вул. Короленка, 46",48.5380253,32.2658521
"Кропивницький,вул. Короленка, 56",48.5420498,32.2602197
"Кропивницький,вул. Короленка, 58/12",48.539848,32.2619649
"Кропивницький,вул. Короленка, 75",48.5365832,32.2680027
"Кропивницький,вул. Короленка, 75-б",48.5365832,32.2680027
"Кропивницький,вул. Короленка, 93",48.53817069999999,32.2644341
"Кропивницький,вул. Космонавта Попова, 11 корп. 1",48.4956865,32.2108398
"Кропивницький,вул. Космонавта Попова, 11-а (ЗОШ № 31)",48.49745000000001,32.214299
"Кропивницький,вул. Космонавта Попова, 11, корп. 1",48.4956865,32.2108398
"Кропивницький,вул. Космонавта Попова, 11, корп. 3",48.498766,32.211334
"Кропивницький,вул. Космонавта Попова, 13, корп. 2",48.4953441,32.21133470000001
"Кропивницький,вул. Космонавта Попова, 15/18",48.4943843,32.2110391
"Кропивницький,вул. Космонавта Попова, 15/18",48.4943843,32.2110391
"Кропивницький,вул. Космонавта Попова, 15/8",48.4947344,32.2108231
"Кропивницький,вул. Космонавта Попова, 20, корп. 2",48.4945582,32.2088919
"Кропивницький,вул. Космонавта Попова, 20, корп. 5",48.4945582,32.2088919
"Кропивницький,вул. Космонавта Попова, 22, корп. 2",48.4933694,32.2111269
"Кропивницький,вул. Космонавта Попова, 4",48.5049188,32.20441
"Кропивницький,вул. Космонавта Попова, 7, корп. 1",48.4987944,32.2075494
"Кропивницький,вул. Космонавта Попова, 9, корп. 3",48.49569899999999,32.210898
"Кропивницький,вул. Красіна, 13/64",48.488473,32.2848695
"Кропивницький,вул. Кременчуцька, 11",48.5207734,32.2431236
"Кропивницький,вул. Кременчуцька, 13",48.5200067,32.2432088
"Кропивницький,вул. Кременчуцька, 58",48.5195111,32.2424275
"Кропивницький,вул. Кременчуцька, 60",48.5193887,32.2423665
"Кропивницький,вул. Кримська (на зупинці громадського трансопорту біля маг. ""Шанс""",48.50793300000001,32.262317
"Кропивницький,вул. Кримська, 119",48.4862479,32.2925355
"Кропивницький,вул. Кримська, 121 (зі сторони вул. Урицького)",48.50793300000001,32.262317
"Кропивницький,вул. Кримська, 3",48.49656479999999,32.2794101
"Кропивницький,вул. Кримська, 60",48.4926565,32.2838237
"Кропивницький,вул. Кримська, 64",48.4922917,32.2845707
"Кропивницький,вул. Кримська, 73",48.4916583,32.2860356
"Кропивницький,вул. Кримська, 82/13",48.490578,32.2867046
"Кропивницький,вул. Кримська, між будинками № 17 та № 19",48.50793300000001,32.262317
"Кропивницький,вул. Кропивницького, 1",48.515762,32.282777
"Кропивницький,вул. Кропивницького, 14",48.5127987,32.2813688
"Кропивницький,вул. Кропивницького, 144",48.5027814,32.274344
"Кропивницький,вул. Кропивницького, 2 (біля ринку ""Полтавський"")",48.50793300000001,32.262317
"Кропивницький,вул. Кропивницького, 56",48.5126375,32.2822997
"Кропивницький,вул. Кропивницького, 7, корп. 1",48.5173134,32.2845038
"Кропивницький,вул. Кропивницького, 80",48.510997,32.281527
"Кропивницький,вул. Кропивницького, між буд. № 115 та № 117",48.50793300000001,32.262317
"Кропивницький,вул. Кропивницького, між буд. № 119 та № 121",48.50793300000001,32.262317
"Кропивницький,вул. Курганна (гаражі біля з-ду ПАТ ""Радій""",48.50793300000001,32.262317
"Кропивницький,вул. Курганна № 19 та № 21",48.4929183,32.2410398
"Кропивницький,вул. Курганна, 4",48.4931931,32.2393245
"Кропивницький,вул. Курганна, 64 ДЮСШ № 2",48.4888999,32.2530761
"Кропивницький,вул. Куроп'ятникова від буд. 2-а до № 4",48.50793300000001,32.262317
"Кропивницький,вул. Куроп'ятникова, 15",48.4970084,32.2607203
"Кропивницький,вул. Куроп'ятникова, 22",48.496903,32.2605179
"Кропивницький,вул. Куроп'ятникова, 28",48.4963408,32.2601243
"Кропивницький,вул. Куроп'ятникова, 29",48.4956538,32.2610671
"Кропивницький,вул. Куроп'ятникова, 29",48.4956538,32.2610671
"Кропивницький,вул. Куроп'ятникова, 50",48.4938827,32.2586633
"Кропивницький,вул. Курортна",48.50793300000001,32.262317
"Кропивницький,вул. Курортна, 1 (ЗОШ № 32)",48.4981875,32.2473912
"Кропивницький,вул. Кутузова біля ДП ""Кіровоградтепло""",48.50793300000001,32.262317
"Кропивницький,вул. Лавандова (Торези), навпроти буд. № 25",48.50793300000001,32.262317
"Кропивницький,вул. Лазо, 49",48.5360703,32.2253705
"Кропивницький,вул. Левааневського, 1",48.5383688,32.267013
"Кропивницький,вул. Леваневського, 1-а",48.5357906,32.2645164
"Кропивницький,вул. Леваневського, 2-б ЗОШ № 25",48.5405453,32.2679595
"Кропивницький,вул. Леваневського, 80",48.5308454,32.25949020000001
"Кропивницький,вул. Леніна, 145/72",48.51712819999999,32.2521054
"Кропивницький,вул. Ленінградаська, 67",48.5309077,32.2572402
"Кропивницький,вул. Ленінградська, 33",48.5275158,32.2652536
"Кропивницький,вул. Ленінградська, 41",48.5283191,32.2632455
"Кропивницький,вул. Ленінградська, 44",48.52938779999999,32.2617454
"Кропивницький,вул. Ленінградська, 62",48.53123249999999,32.2575587
"Кропивницький,вул. Ленінградська, 73",48.53132900000001,32.256328
"Кропивницький,вул. Лесі Українки, 62",48.520941,32.2224834
"Кропивницький,вул. Лінія 10-а, буд. 53",48.4747469,32.2815395
"Кропивницький,вул. Лінія 10-та  буд. 52",48.50793300000001,32.262317
"Кропивницький,вул. Лінія, 1-а, буд. 3",48.47353400000001,32.2791635
"Кропивницький,вул. Лінія, 1-а, № 4-а (музшкола)",48.4733363,32.278372
"Кропивницький,вул. Лінія, 10-а, буд. 56",48.4731766,32.2832868
"Кропивницький,вул. Лінія, 10-а, буд. 58",48.4723341,32.28236580000001
"Кропивницький,вул. Лінія, 4-а, буд. 17",48.4742641,32.2798514
"Кропивницький,вул. Лінія, 4, буд.16",48.4739198,32.2801719
"Кропивницький,вул. Лінія, 5-а, буд. 24",48.4715311,32.2793765
"Кропивницький,вул. Лінія, 9-а, буд. 41",48.4745972,32.2769941
"Кропивницький,вул. Лісопаркова (""Сосновий"")",48.50793300000001,32.262317
"Кропивницький,вул. Лісопаркова, 11",48.5414154,32.2545258
"Кропивницький,вул. Лісопаркова, 15",48.5411181,32.2542234
"Кропивницький,вул. Лісопаркова, 27",48.5403338,32.253529
"Кропивницький,вул. Маршала Конєва, 15 (ДНЗ № 68)",48.5032725,32.2169435
"Кропивницький,вул. Маршала Конєва, 23 корп. 1",48.4980743,32.202848
"Кропивницький,вул. Маршала Конєва, 25/19 корп. 1",48.497445,32.20264
"Кропивницький,вул. Маршала Конєва, 5, корп. 1",48.5018306,32.213384
"Кропивницький,вул. Маршала Конєва, 7, під'їзд, 6",48.5008387,32.2094719
"Кропивницький,вул. Маяковського, 46 та 46-а",48.50793300000001,32.262317
"Кропивницький,вул. Медведєва",48.5167795,32.2652802
"Кропивницький,вул. Медведєва, 13",48.516962,32.2631094
"Кропивницький,вул. Медведєва,1-а",48.5101817,32.2218809
"Кропивницький,вул. Медведєва,1-а",48.5101817,32.2218809
"Кропивницький,вул. Менделеєва між буд. № 46 та 47",48.50793300000001,32.262317
"Кропивницький,вул. Микитенка, 35/21 (ЗОШ №33)",48.470672,32.2599384
"Кропивницький,вул. Миколи Левитського, 15/12",48.5319114,32.2734318
"Кропивницький,вул. Миколи Левитського, від № 1-а та № 1/49",48.50793300000001,32.262317
"Кропивницький,вул. Миколи Смоленчука, 16",48.5024895,32.2672407
"Кропивницький,вул. Миру, 1/5",48.529054,32.27762209999999
"Кропивницький,вул. Миру, 10",48.526367,32.274966
"Кропивницький,вул. Миру, 12",48.525518,32.27434
"Кропивницький,вул. Миру, 17-а",48.5255068,32.2749317
"Кропивницький,вул. Миру, 2/7",48.528099,32.27690800000001
"Кропивницький,вул. Миру, 4",48.5288915,32.2763607
"Кропивницький,вул. Миру, 8",48.5272161,32.275592
"Кропивницький,вул. Михайлівська, 1",48.5151151,32.279714
"Кропивницький,вул. Михайлівська, 17",48.511927,32.2769266
"Кропивницький,вул. Михайлівська, 30/37",48.5096091,32.2741469
"Кропивницький,вул. Михайлівська, 36",48.5088544,32.2733947
"Кропивницький,вул. Михайлівська, 36-а",48.509164,32.272615
"Кропивницький,вул. Михайлівська, 54",48.5067102,32.2713457
"Кропивницький,вул. Михайлівська, 73",48.5054721,32.2704593
"Кропивницький,вул. Михайлівська, 73 та 75",48.5075067,32.27216310000001
"Кропивницький,вул. Михайлівська, 81",48.5037619,32.2688077
"Кропивницький,вул. Михайлівська, 9",48.5128254,32.2778806
"Кропивницький,вул. Михайлівська, уздовж паркану будинку № 73",48.5075067,32.27216310000001
"Кропивницький,вул. Мічуріна (біля ДНЗ)",48.50793300000001,32.262317
"Кропивницький,вул. Мічуріна кут біля парку ім. Крючкова",48.5287397,32.2650306
"Кропивницький,вул. Мічуріна, біля парку ім. Крючкова",48.5287397,32.2650306
"Кропивницький,вул. Можайського, 4",48.50793300000001,32.262317
"Кропивницький,вул. Молодіжна, 25",48.4652106,32.2898217
"Кропивницький,вул. Молодіжна, 27/12",48.4651758,32.2897106
"Кропивницький,вул. Московська",48.5625095,32.2424373
"Кропивницький,вул. Московська ""Гай десантників""",48.50793300000001,32.262317
"Кропивницький,вул. Московська зупинка ""Лелеківське кладовище""",48.50793300000001,32.262317
"Кропивницький,вул. Московська, 21",48.554255,32.2436714
"Кропивницький,вул. Московська, 42-б",48.5580444,32.2423515
"Кропивницький,вул. Московська, 84",48.5658143,32.2410515
"Кропивницький,вул. Мосоквська, 175",48.5754701,32.2421291
"Кропивницький,вул. Мотокросна, 31",48.4729605,32.3081796
"Кропивницький,вул. Некрасова",48.52574749999999,32.2819869
"Кропивницький,вул. Нижня П'ятихатська",48.4762804,32.2777641
"Кропивницький,вул. Нижня П'ятихатська, 1",48.4756903,32.2729788
"Кропивницький,вул. Нижня Прирічна, 52",48.47626400000001,32.2594851
"Кропивницький,вул. Нижня Пятихатська, 18-22",48.4753019,32.2753976
"Кропивницький,вул. Новгородська, 14",48.5002814,32.2867159
"Кропивницький,вул. Новгородська, 41 біля ЗОШ № 2",48.50282199999999,32.29047
"Кропивницький,вул. Новоросійська, 29",48.4947138,32.24322410000001
"Кропивницький,вул. Одеська, 21",48.50511239999999,32.2790829
"Кропивницький,вул. Одеська, 38",48.5026909,32.2765308
"Кропивницький,вул. Одеська, 40",48.5024095,32.2765204
"Кропивницький,вул. Одеська, 40",48.5024095,32.2765204
"Кропивницький,вул. Олега Ольжича, 36 та між 36-38",48.5257137,32.2765764
"Кропивницький,вул. Олега Ольжича, уздовж дороги",48.5257137,32.2765764
"Кропивницький,вул. Олександрійська, 68/50",48.5019522,32.2823094
"Кропивницький,вул. Олександрійське шосе",48.5026199,32.2825798
"Кропивницький,вул. Олександрійське шоссе, біля гаражного кооперативу",48.50793300000001,32.262317
"Кропивницький,вул. Олексія Волохова, 9/1",48.50793300000001,32.262317
"Кропивницький,вул. Олени Бур'янової, 12/9",48.51980640000001,32.2516237
"Кропивницький,вул. Олени Журливої, 1 (пологовий будинок № 1)",48.53479369999999,32.2713888
"Кропивницький,вул. Олени Теліги (Тельмана), 83",48.5347992,32.2578366
"Кропивницький,вул. Орджонікідзе (вул. Кавалерійська, 13)",48.5163672,32.2605108
"Кропивницький,вул. Орджонікідзе (перед аркою)",48.5163672,32.2605108
"Кропивницький,вул. Павла Рябкова-Пушкіна",48.50793300000001,32.262317
"Кропивницький,вул. Павла Сніцара, 29",48.507537,32.2514796
"Кропивницький,вул. Павла Сніцара, 69-а",48.507537,32.2514796
"Кропивницький,вул. Пацаєва ЗОШ № 18",48.50061400000001,32.210324
"Кропивницький,вул. Пацаєва-Волкова",48.4989853,32.2162852
"Кропивницький,вул. Пацаєва, 1",48.495079,32.217679
"Кропивницький,вул. Пацаєва, 1/3",48.5019308,32.2148725
"Кропивницький,вул. Пацаєва, 10",48.4959289,32.216743
"Кропивницький,вул. Пацаєва, 10-а (ДНЗ № 67)",48.498616,32.216727
"Кропивницький,вул. Пацаєва, 11-а (ДНЗ № 62)",48.4956879,32.2135883
"Кропивницький,вул. Пацаєва, 12 корп. 1",48.4955957,32.21753
"Кропивницький,вул. Пацаєва, 12, корп. 2",48.4955957,32.21753
"Кропивницький,вул. Пацаєва, 14, корп. 2",48.4948846,32.2141695
"Кропивницький,вул. Пацаєва, 2, під'їзд, 1",48.498616,32.216727
"Кропивницький,вул. Пацаєва, 3-а",48.502013,32.21487
"Кропивницький,вул. Пацаєва, 3, корп. 1",48.5007499,32.2157138
"Кропивницький,вул. Пацаєва, 3, корп. 2",48.5007499,32.2157138
"Кропивницький,вул. Пацаєва, 4, корп. 1",48.50011629999999,32.2150554
"Кропивницький,вул. Пацаєва, 4, корп. 2",48.50011629999999,32.2150554
"Кропивницький,вул. Пацаєва, 4, корп. 3",48.50011629999999,32.2150554
"Кропивницький,вул. Пацаєва, 5 корп.2",48.4993148,32.2162582
"Кропивницький,вул. Пацаєва, 5, корп. 1",48.4993148,32.2162582
"Кропивницький,вул. Пацаєва, 5, корп. 2",48.4993148,32.2162582
"Кропивницький,вул. Пацаєва, 5, корп. 3",48.4993148,32.2162582
"Кропивницький,вул. Пацаєва, 6, корп. 1",48.49913,32.2159676
"Кропивницький,вул. Пацаєва, 6, корп. 2",48.49913,32.2159676
"Кропивницький,вул. Пацаєва, 6, корп. 3",48.49913,32.2159676
"Кропивницький,вул. Пацаєва, 8, корп. 1",48.4984586,32.2165143
"Кропивницький,вул. Пацаєва, 8, корп. 2",48.4984586,32.2165143
"Кропивницький,вул. Пацаєва, 8, корп. 3",48.4984586,32.2165143
"Кропивницький,вул. Пацаєва, 8, корп. 4",48.4984586,32.2165143
"Кропивницький,вул. Пацаєва, 8, корп. 5",48.4984586,32.2165143
"Кропивницький,вул. Пашутінська, 17",48.5117878,32.2716752
"Кропивницький,вул. Пашутінська, 19-21",48.51161519999999,32.2715313
"Кропивницький,вул. Пашутінська, 22",48.510605,32.2701699
"Кропивницький,вул. Петропавлівська",48.5047124,32.2804122
"Кропивницький,вул. Петропавлівська (біля КОДЛ)",48.5047124,32.2804122
"Кропивницький,вул. Петропавлівська (Енгельса), 14/88",48.50793300000001,32.262317
"Кропивницький,вул. Пляжева, 2",48.5388234,32.263088
"Кропивницький,вул. Пляжна, 83",48.50793300000001,32.262317
"Кропивницький,вул. Пляжна, 84",48.50793300000001,32.262317
"Кропивницький,вул. Повітрянофлотська, 16-а біля ДНЗ № 35",48.5199412,32.2221421
"Кропивницький,вул. Повітрянофлотська, 40 (за будинком)",48.5199412,32.2221421
"Кропивницький,вул. Повітрянофлотська, 57",48.5167677,32.2188477
"Кропивницький,вул. Пожарського, 20",48.5072121,32.2412517
"Кропивницький,вул. Пожарського, 3",48.5066251,32.2385383
"Кропивницький,вул. Пожарського, 5",48.5067544,32.2397241
"Кропивницький,вул. Покровська (між будинками 40 та 42)",48.5019687,32.2728016
"Кропивницький,вул. Покровська, 11",48.50377599999999,32.2687163
"Кропивницький,вул. Покровська, 15",48.5034113,32.2696487
"Кропивницький,вул. Покровська, 23",48.5028839,32.2709842
"Кропивницький,вул. Покровська, 24",48.5023226,32.2715949
"Кропивницький,вул. Покровська, 27",48.5026521,32.2714463
"Кропивницький,вул. Покровська, 30",48.501938,32.2725441
"Кропивницький,вул. Покровська, 33",48.5022845,32.2723414
"Кропивницький,вул. Покровська, 34 та від № 31-39",48.5019687,32.2728016
"Кропивницький,вул. Покровська, 38-а",48.5012735,32.2739699
"Кропивницький,вул. Покровська, 73",48.49944540000001,32.2791772
"Кропивницький,вул. Полтавська, 28, корп. 2",48.5227621,32.2922404
"Кропивницький,вул. Полтавська, 30",48.5225223,32.2917681
"Кропивницький,вул. Полтавська, 58",48.52081,32.2854696
"Кропивницький,вул. Полтавська, 71",48.5201646,32.2908611
"Кропивницький,вул. Полтавська, 75",48.5201818,32.2883066
"Кропивницький,вул. Полтавська, 75",48.5201818,32.2883066
"Кропивницький,вул. Полтавська, 81",48.5196046,32.2851471
"Кропивницький,вул. Полярна, 15/42",48.51907139999999,32.221433
"Кропивницький,вул. Поповича, 1-к",48.5239679,32.258731
"Кропивницький,вул. Поповича, 10/2",48.52325250000001,32.2588454
"Кропивницький,вул. Поповича, 7",48.524288,32.2580419
"Кропивницький,вул. Поповича, 7-б",48.524288,32.2580419
"Кропивницький,вул. Поповича, 7-в",48.524288,32.2580419
"Кропивницький,вул. Поповича, 8",48.5233705,32.2586166
"Кропивницький,вул. Преображенська-Новгородська (біля мосту)",48.5005903,32.2866428
"Кропивницький,вул. Преображенська, 10",48.5075557,32.2631952
"Кропивницький,вул. Преображенська, 100",48.4966866,32.2880459
"Кропивницький,вул. Преображенська, 101 ДНЗ № 37 ""Ластівка""",48.498486,32.2866051
"Кропивницький,вул. Преображенська, 102",48.4965876,32.2882225
"Кропивницький,вул. Преображенська, 103 (ДНЗ ""Перлинка"")",48.5024234,32.2753996
"Кропивницький,вул. Преображенська, 103 (ЗОШ № 1)",48.49404699999999,32.2860959
"Кропивницький,вул. Преображенська, 12",48.5063525,32.265378
"Кропивницький,вул. Преображенська, 28-а",48.5044961,32.2700068
"Кропивницький,вул. Преображенська, 3-а",48.5078405,32.2618689
"Кропивницький,вул. Преображенська, 35-а",48.5048258,32.2706914
"Кропивницький,вул. Преображенська, 37",48.5044852,32.2706595
"Кропивницький,вул. Преображенська, 39",48.5043831,32.2709232
"Кропивницький,вул. Преображенська, 48",48.5031855,32.2731471
"Кропивницький,вул. Преображенська, 58",48.5029713,32.2737265
"Кропивницький,вул. Преображенська, 6",48.5067912,32.2615701
"Кропивницький,вул. Преображенська, 62/144",48.50275999999999,32.274226
"Кропивницький,вул. Преображенська, 79/35",48.5022285,32.2769646
"Кропивницький,вул. Преображенська, 8",48.5075557,32.2631952
"Кропивницький,вул. Преображенська, 98",48.49675449999999,32.2878293
"Кропивницький,вул. Преображенська, між КП ""Теплооенергетик""",48.50793300000001,32.262317
"Кропивницький,вул. Пролетарська (навпроти № 32)",48.50793300000001,32.262317
"Кропивницький,вул. Пролетарська, 23",48.50193590000001,32.2685565
"Кропивницький,вул. Пролетарська, 32 навпроти",48.50793300000001,32.262317
"Кропивницький,вул. Пушкіна, 18",48.5092582,32.2494536
"Кропивницький,вул. Пушкіна, 23-а",48.5083622,32.2513421
"Кропивницький,вул. Пушкіна, 24",48.5090696,32.2499518
"Кропивницький,вул. Пушкіна, 32",48.50868149999999,32.2504612
"Кропивницький,вул. Пушкіна, 33",48.5071241,32.252839
"Кропивницький,вул. Пушкіна, 37",48.5068438,32.2532719
"Кропивницький,вул. Пушкіна, 39",48.50659779999999,32.25364040000001
"Кропивницький,вул. Пушкіна, 42",48.5080934,32.2512275
"Кропивницький,вул. Пушкіна, 48",48.5062511,32.2530102
"Кропивницький,вул. Пушкіна, 48-50",48.5062511,32.2530102
"Кропивницький,вул. Пушкіна, 50",48.5057778,32.2555023
"Кропивницький,вул. Пушкіна, 53",48.5056934,32.2559723
"Кропивницький,вул. Пушкіна, 57",48.5052609,32.2569364
"Кропивницький,вул. Пушкіна, 58",48.50507529999999,32.2570337
"Кропивницький,вул. Пушкіна, 62",48.5054049,32.2560596
"Кропивницький,вул. Пушкіна, 66",48.5051321,32.2565832
"Кропивницький,вул. Пушкіна, 68",48.5050643,32.2567997
"Кропивницький,вул. Пушкіна, 7",48.5099425,32.2486583
"Кропивницький,вул. Пушкіна, 70",48.50492149999999,32.257186
"Кропивницький,вул. Пушкіна, 71",48.5044243,32.2590515
"Кропивницький,вул. Пушкіна, 72",48.5048261,32.2573863
"Кропивницький,вул. Пушкіна, 77",48.5039125,32.2599904
"Кропивницький,вул. Пушкіна, 83",48.5038072,32.260302
"Кропивницький,вул. Пушкіна, 9",48.5094624,32.2492839
"Кропивницький,вул. Пушкіна,41/5",48.5063639,32.25414230000001
"Кропивницький,вул. Радянська, 1",48.56060369999999,32.2418926
"Кропивницький,вул. Радянська, 4-а",48.50793300000001,32.262317
"Кропивницький,вул. Радянська, 4, корп. 2",48.51696810000001,32.2543741
"Кропивницький,вул. Рівненська, 17",48.5035491,32.25559200000001
"Кропивницький,вул. Рівненська, 3",48.5046289,32.2532561
"Кропивницький,вул. Рівненська, 9",48.50413409999999,32.2541409
"Кропивницький,вул. Ркслана Слободянюка 1",48.50793300000001,32.262317
"Кропивницький,вул. Робоча, 2",48.4975634,32.2897602
"Кропивницький,вул. Робоча, 27",48.4962613,32.2922887
"Кропивницький,вул. Родникова, 77, корп. 2",48.5152075,32.2171266
"Кропивницький,вул. Родникова, 80",48.51520439999999,32.217194
"Кропивницький,вул. Руслана Слободянюка (Валентини Терешкової), 195",48.5254671,32.2276185
"Кропивницький,вул. Руслана Слободянюка, 13",48.50793300000001,32.262317
"Кропивницький,вул. Руслана Слободянюка, 164",48.50793300000001,32.262317
"Кропивницький,вул. Руслана Слободянюка, 29",48.50793300000001,32.262317
"Кропивницький,вул. Руслана Слободянюка, 45",48.50793300000001,32.262317
"Кропивницький,вул. Руслана Слободянюка, 61",48.50793300000001,32.262317
"Кропивницький,вул. Садова, 103/2",48.48921499999999,32.2608829
"Кропивницький,вул. Садова, 111",48.488544,32.2604247
"Кропивницький,вул. Садова, 88",48.4904691,32.2614457
"Кропивницький,вул. Свердлова, 164",48.4838508,32.2885875
"Кропивницький,вул. Свердлова, 38",48.4947082,32.2733565
"Кропивницький,вул. Свердлова, 45/34",48.49425309999999,32.2746698
"Кропивницький,вул. Свердлова, 46/36",48.49404089999999,32.274097
"Кропивницький,вул. Свердлова, 89/70",48.4905354,32.2797608
"Кропивницький,вул. Севастопольська, 11",48.530663,32.2754331
"Кропивницький,вул. Сергія Сєнчева (Повітрянофлотська), 55",48.5199412,32.2221421
"Кропивницький,вул. Сивашська, 11",48.5150614,32.2955382
"Кропивницький,вул. Соборна 28",48.5012678,32.2446691
"Кропивницький,вул. Соборна, 11",48.4995116,32.2486798
"Кропивницький,вул. Соборна, 12",48.5021721,32.2529705
"Кропивницький,вул. Соборна, 13/1",48.49996400000001,32.2483468
"Кропивницький,вул. Соборна, 14",48.5018478,32.2519906
"Кропивницький,вул. Соборна, 16",48.5011525,32.2495551
"Кропивницький,вул. Соборна, 16-а",48.5011525,32.2495551
"Кропивницький,вул. Соборна, 17",48.5004157,32.2463481
"Кропивницький,вул. Соборна, 18",48.5014472,32.2508379
"Кропивницький,вул. Соборна, 19",48.5005962,32.24521550000001
"Кропивницький,вул. Соборна, 23/34",48.50092249999999,32.2413927
"Кропивницький,вул. Соборна, 24",48.5011692,32.245679
"Кропивницький,вул. Соборна, 26",48.50129769999999,32.2451991
"Кропивницький,вул. Соборна, 3",48.5010514,32.2515457
"Кропивницький,вул. Соборна, 34",48.50142959999999,32.2427908
"Кропивницький,вул. Соборна, 38",48.5014774,32.2424007
"Кропивницький,вул. Соборна, 38 (підїзд 2)",48.50793300000001,32.262317
"Кропивницький,вул. Соборна, 40",48.5015294,32.2417479
"Кропивницький,вул. Соборна, 40",48.5015294,32.2417479
"Кропивницький,вул. Соборна, 5-а",48.500803,32.2507058
"Кропивницький,вул. Соборна, 7",48.5004455,32.2498671
"Кропивницький,вул. Соборна, 7-а",48.499183,32.24900600000001
"Кропивницький,вул. Соборна, 8 та 10",48.5013243,32.251355
"Кропивницький,вул. Соборна, біля ДОСААФ",48.5013243,32.251355
"Кропивницький,вул. Спренжина, навпроти буд. № 24 та 3 26",48.5779932,32.2541519
"Кропивницький,вул. Степанова, 2/59",48.5343688,32.2729891
"Кропивницький,вул. Степанова, 99",48.5256593,32.2647854
"Кропивницький,вул. Степняка Кравчинського парк ім. Кравчинського",48.522339,32.2221386
"Кропивницький,вул. Степняка-Кравчинського, 5",48.5230415,32.225719
"Кропивницький,вул. Суворова стадіон ""Піонер""",48.4888999,32.2530761
"Кропивницький,вул. Тараса Карпи (Тимірязєва), 104",48.5055369,32.2737353
"Кропивницький,вул. Тараса Карпи (Тимірязєва), 115",48.504584,32.276287
"Кропивницький,вул. Тараса Карпи, 100",48.5057172,32.2732644
"Кропивницький,вул. Тараса Карпи, 100",48.5057172,32.2732644
"Кропивницький,вул. Тараса Карпи, 100-б",48.5057172,32.2732644
"Кропивницький,вул. Тараса Карпи, 109",48.5052026,32.2751841
"Кропивницький,вул. Тараса Карпи, 12",48.5123912,32.2570335
"Кропивницький,вул. Тараса Карпи, 128",48.5039526,32.277727
"Кропивницький,вул. Тараса Карпи, 25",48.5117483,32.2594336
"Кропивницький,вул. Тараса Карпи, 60-62",48.50905909999999,32.2657438
"Кропивницький,вул. Тараса Карпи, 71",48.5080389,32.2684951
"Кропивницький,вул. Тараса Карпи, 8",48.5127631,32.2563328
"Кропивницький,вул. Тараса Карпи, 85",48.5067594,32.2716753
"Кропивницький,вул. Тараса Карпи, 88",48.50667800000001,32.2711363
"Кропивницький,вул. Тельмана, 1",48.5389284,32.2623424
"Кропивницький,вул. Тельмана, 5",48.5389284,32.2623424
"Кропивницький,вул. Тельмана, 54/62",48.5359235,32.2587208
"Кропивницький,вул. Тельмана, 77 (ДНЗ № 42)",48.5332471,32.2569879
"Кропивницький,вул. Тимірязєва, 21",48.51201409999999,32.258863
"Кропивницький,вул. Тимірязєва, 22",48.5026552,32.2836227
"Кропивницький,вул. Тимірязєва, 27/19",48.5116805,32.2596501
"Кропивницький,вул. Тимірязєва, 37/19",48.5111571,32.260701
"Кропивницький,вул. Тимірязєва, 51",48.5100603,32.2634646
"Кропивницький,вул. Тимірязєва, 61",48.5089784,32.2659428
"Кропивницький,вул. Тимірязєва, 63",48.50904130000001,32.2664767
"Кропивницький,вул. Тимірязєва, 69",48.50793300000001,32.26869790000001
"Кропивницький,вул. Тимірязєва, 8",48.5127631,32.2563328
"Кропивницький,вул. Тимірязєва, 96",48.5060127,32.272391
"Кропивницький,вул. Тиха, 15",48.4911919,32.2450519
"Кропивницький,вул. Тобілевича, 32",48.50499079999999,32.2504233
"Кропивницький,вул. Тобілевича, 32",48.50499079999999,32.2504233
"Кропивницький,вул. Тобілевича, 9",48.5059894,32.2529424
"Кропивницький,вул. Толстого, 4",48.5276395,32.287232
"Кропивницький,вул. Тульська, 1 біля спортивного майданчика",48.50793300000001,32.262317
"Кропивницький,вул. Ушакова (1-ша міська лікарня)",48.51090190000001,32.2693278
"Кропивницький,вул. Ушакова (неподалік кіоску)",48.50793300000001,32.262317
"Кропивницький,вул. Ушакова (цвинтар)",48.50793300000001,32.262317
"Кропивницький,вул. Ушакова навпроти готелю ""Турист""",48.501189,32.2576761
"Кропивницький,вул. Ушакова Фортеця ""Святої Єлизавети""",48.4981173,32.2544237
"Кропивницький,вул. Ушакова, 29",48.4895344,32.2481971
"Кропивницький,вул. Ушакова, 3-б",48.5017398,32.2585895
"Кропивницький,вул. Фадєєва, 7/40",48.4972226,32.298644
"Кропивницький,вул. Фортеця, 21",48.4981173,32.2544237
"Кропивницький,вул. Фрунзе, 5",,
"Кропивницький,вул. Фрунзе, 8",,
"Кропивницький,вул. Хабаровська, 5, корп. 1",,
"Кропивницький,вул. Хабаровська, 5, корп. 2",,
"Кропивницький,вул. Харківська, 44",,
"Кропивницький,вул. Херсонвська, 35",,
"Кропивницький,вул. Херсонська, 115/6",,
"Кропивницький,вул. Херсонська, 22/37",,
"Кропивницький,вул. Ціалковського, 1-д",,
"Кропивницький,вул. Червоногвардійська, 17",,
"Кропивницький,вул. Червоногвардійська, 19/43",,
"Кропивницький,вул. Червоногвардійська, 23",,
"Кропивницький,вул. Червоногвардійська, 34",,
"Кропивницький,вул. Червоногвардійська, 39",,
"Кропивницький,вул. Червоногвардійська, 46",,
"Кропивницький,вул. Червоногвардійська, 54",,
"Кропивницький,вул. Червоногвардійська, 64",,
"Кропивницький,вул. Червонозорівська, 23-а",,
"Кропивницький,вул. Червонозорівська, 23-б",,
"Кропивницький,вул. Червонозорівська, 29 (ЗОШ № 29)",,
"Кропивницький,вул. Червонозорівська, 44/1",,
"Кропивницький,вул. Червонозорівська, 9",,
"Кропивницький,вул. Чернишевського, 36",,
"Кропивницький,вул. Чигиринська, 11",,
"Кропивницький,вул. Чигиринська, 28-30",,
"Кропивницький,вул. Чигиринська, 7",,
"Кропивницький,вул. Чигиринська, 8",,
"Кропивницький,вул. Шатила, 12",,
"Кропивницький,вул. Шатила, 14",,
"Кропивницький,вул. Шатила, 16",,
"Кропивницький,вул. Шатила, 3",,
"Кропивницький,вул. Шатила, 5",,
"Кропивницький,вул. Шатила/вул. Ак.Корольова",,
"Кропивницький,вул. Шевченка, 16-б",,
"Кропивницький,вул. Шевченка, 21/27",,
"Кропивницький,вул. Шевченка, 26",,
"Кропивницький,вул. Шевченка, 29/29",,
"Кропивницький,вул. Шевченка, 36 (стоматполікл. № 1)",,
"Кропивницький,вул. Шевченка, 37",,
"Кропивницький,вул. Шевченка, 4",,
"Кропивницький,вул. Шевченка, 42/29",,
"Кропивницький,вул. Шевченка, 47",,
"Кропивницький,вул. Шевченка, 54-а",,
"Кропивницький,вул. Шевченка, 57/105",,
"Кропивницький,вул. Шевченка, 60",,
"Кропивницький,вул. Шевченка, 63/112",,
"Кропивницький,вул. Шевченка, 67",,
"Кропивницький,вул. Шевченка, 70",,
"Кропивницький,вул. Шевченка, 71",,
"Кропивницький,вул. Шевченка, 90",,
"Кропивницький,вул. Шевченка, сквер ім. Шевченка",,
"Кропивницький,вул. Шевченко, 70",,
"Кропивницький,вул. Шульгиних,  41",,
"Кропивницький,вул. Шульгиних, 11",,
"Кропивницький,вул. Шульгиних, 21/40",,
"Кропивницький,вул. Шульгиних, 43",,
"Кропивницький,вул. Шульгіних, 32",,
"Кропивницький,вул. Щорса, 1",,
"Кропивницький,вул. Щорса, 12",,
"Кропивницький,вул. Щорса, 6-8",,
"Кропивницький,вул. Щорса, 8",,
"Кропивницький,вул. Юрія Коваленка, 13, корп. 2",,
"Кропивницький,вул. Юрія Коваленка, 23, корп. 2",,
"Кропивницький,вул. Юрія Коваленка, 23, корп. 2",,
"Кропивницький,вул. Юрія Коваленка, 5-а",,
"Кропивницький,вул. Юрія Коваленка, 5, корп. 2",,
"Кропивницький,вул. Юрія Коваленка, 7",,
"Кропивницький,вул. Юрія Краснокутського, 1",,
"Кропивницький,вул. Юрія Краснокутського, 1-а",,
"Кропивницький,вул. Юрія Краснокутського, 1-а",,
"Кропивницький,вул. Юрія Краснокутського, 1-б",,
"Кропивницький,вул. Юрія Краснокутського, 16",,
"Кропивницький,вул. Юрія Краснокутського, 2",,
"Кропивницький,вул. Юрія Краснокутського, 3",,
"Кропивницький,вул. Юрія Краснокутського, 5",,
"Кропивницький,вул. Юрія Краснокутьського, 1-б",,
"Кропивницький,вул. Юрія Олефіренка",,
"Кропивницький,вул. Юрія Олефіренка, 14-а",,
"Кропивницький,вул. Юрія Олефіренка, 14-б",,
"Кропивницький,вул. Юрія Олефіренка, 14-в",,
"Кропивницький,вул. Юрія Олефіренка, 6",,
"Кропивницький,вул. Яновського, 100",,
"Кропивницький,вул. Яновського, 151",,
"Кропивницький,вул. Яновського, 153",,
"Кропивницький,вул. Яновського, 153-а",,
"Кропивницький,вул. Яновського, 155",,
"Кропивницький,вул. Яновського, 155-а",,
"Кропивницький,вул. Яновського, 157",,
"Кропивницький,вул. Яновського, 157-а",,
"Кропивницький,вул. Яновського, 36",,
"Кропивницький,вул. Яновського, 52",,
"Кропивницький,вул. Яновського, 54",,
"Кропивницький,вул. Яновського, 56",,
"Кропивницький,вул. Яновського, 57",,
"Кропивницький,вул. Яновського, 58-а",,
"Кропивницький,вул. Яновського, 62",,
"Кропивницький,вул. Яновського, 62-а",,
"Кропивницький,вул. Яновського, 64",,
"Кропивницький,вул. Яновського, 96",,
"Кропивницький,вул. Яновського, 98",,
"Кропивницький,вул.Андріїівська, 64",,
"Кропивницький,вул.Башкірська, 19/2",,
"Кропивницький,вул.Башкірська, 4",,
"Кропивницький,вул.В'ячеслава Чорновола, 1-а",,
"Кропивницький,вул.В'ячеслава Чорновола, 2-б",,
"Кропивницький,вул.В'ячеслава Чорновола, 8",,
"Кропивницький,вул.Гоголя, 36",,
"Кропивницький,вул.Гоголя, 50/26",,
"Кропивницький,вул.Дворцова, 67",,
"Кропивницький,вул.Дзержинського, 116/48",,
"Кропивницький,вул.Добровольського, 5",,
"Кропивницький,вул.Єгорова, 8",,
"Кропивницький,вул.Інтернаціональна, 56",,
"Кропивницький,вул.Каляєва (навпроти буд. № 19)",,
"Кропивницький,вул.Леваневського, 78",,
"Кропивницький,вул.Пашутінська, 16/19",,
"Кропивницький,вул.Руслана Слободянюка, 103/15",,
"Кропивницький,вул.Фісановича, 9",,
"Кропивницький,Далекосхідне кладовище",,
"Кропивницький,ДНЗ",,
"Кропивницький,за будинком № 4 по вул. Героїв Сталінграда",,
"Кропивницький,Знам'янська дорога",,
"Кропивницький,історико-меморіальний комплекс по вул. Ушакова",,
"Кропивницький,Лісопарк ""Фортечні вали""",,
"Кропивницький,Лісопарк (""Фортечні вали)",,
"Кропивницький,між провулком Кримським, 2 та вул. Таврійською, 2-а",,
"Кропивницький,між ринком Босфор та вул. Віктора Чміленка, 3",,
"Кропивницький,на перехресті вул. Кільцева-Степняка-Кравчинського",,
"Кропивницький,на перехресті вулиць Бобринецький шлях - Паризької комуни",,
"Кропивницький,на перехресті вулиць Преображенсьокї та Каляєва",,
"Кропивницький,на розі вул. Гагаріна-Пашутінської",,
"Кропивницький,на розі вул. Євгена Маланюка-площі Дружби народів",,
"Кропивницький,на розі вул. Орджонікідзе та Дзержинського",,
"Кропивницький,на розі вул. Орджонікідзе та Дзержинського",,
"Кропивницький,на розі вул. Орджонікідзе та Дзержинського",,
"Кропивницький,на розі вулицуь Ленінградської-Колгоспної",,
"Кропивницький,на розі вулиць Арсенія Тарковського та Преображенської",,
"Кропивницький,на розі вулиць Арсенія Тарковського-Преображенської",,
"Кропивницький,на розі вулиць Велика Перспективна-Студентський бульвар",,
"Кропивницький,на розі вулиць Великої Перспективна - та Віктора Чміленка",,
"Кропивницький,на розі вулиць Великої Перспективної-Гоголя",,
"Кропивницький,на розі вулиць Віктора Чміленка-А.Тарковського",,
"Кропивницький,на розі вулиць Волкова та Академіка Корольова",,
"Кропивницький,на розі вулиць Ельворті та Київської",,
"Кропивницький,на розі вулиць Київської та Жовтневої революції",,
"Кропивницький,на розі вулиць Київської та Інгульської",,
"Кропивницький,на розі вулиць Комарова-Курганна",,
"Кропивницький,на розі вулиць Ленінградської та Степанова",,
"Кропивницький,на розі вулиць Ленінградської та Тельмана",,
"Кропивницький,на розі вулиць Садової та Інтернаціональної",,
"Кропивницький,на розі вулиць Степанова та Павла Сніцара",,
"Кропивницький,на розі вулиць Холодноярської та пров. Виноградний",,
"Кропивницький,на розі вулиць Червоногвардійська, 68-Преображенська, 41",,
"Кропивницький,на розі вулиць- Яновського-Ушакова",,
"Кропивницький,набережна р.Інгул (парк ім. Пушкіна)",,
"Кропивницький,НАВО ЗОШ № 18 вул. Пацаєва, 4",,
"Кропивницький,навпроти автосалону на розі вул.Маршала Конєва-                   просп. Університетський",,
"Кропивницький,навпроти автостоянки на розі вул.Маршала Конєва-                                 просп. Університетський",,
"Кропивницький,навпроти буд. по вул. Героїв Сталінграда, 8",,
"Кропивницький,НВО ЗОШ № 18 вул. Маршала Конєва, 9-а",,
"Кропивницький,парк ""Молодіжний""",,
"Кропивницький,парк ""Перемоги""",,
"Кропивницький,парк Ковалівський",,
"Кропивницький,парк пам'ятка садово-паркового мистецтва ""Космонавтів""",,
"Кропивницький,перехрестя вулиць Братиславська та Авіаційної",,
"Кропивницький,перехрестя пров. Жовтневий-Попова",,
"Кропивницький,площа Б.Хмельницького (сквер Хмельницького)",,
"Кропивницький,площа Дружби народів, 7",,
"Кропивницький,пров. 1-й Новгородський ,3",,
"Кропивницький,пров. Азовський, від вул. Мінської в бік бази відпочинку ""Горняк""",,
"Кропивницький,пров. Акимівський, 25",,
"Кропивницький,пров. Акимівський, 35/33",,
"Кропивницький,пров. Акимівський, 41/2",,
"Кропивницький,пров. Акимівський, 43",,
"Кропивницький,пров. Бобринецький, 19",,
"Кропивницький,пров. Великовисковський, 25",,
"Кропивницький,пров. Верхній Степовий, 14",,
"Кропивницький,пров. Верхньовеселий, 2/28",,
"Кропивницький,пров. Вузький, 6",,
"Кропивницький,пров. Декабристів, 15",,
"Кропивницький,пров. Дмитра Донського,9/1",,
"Кропивницький,пров. Експерементальний, 5",,
"Кропивницький,пров. Експериментальний, 8",,
"Кропивницький,пров. Кам'яний, 9",,
"Кропивницький,пров. Кільцевий, 20",,
"Кропивницький,пров. Ковалівський, 1-а",,
"Кропивницький,пров. Ковалівський, 13",,
"Кропивницький,пров. Ковалівський, 24",,
"Кропивницький,пров. Кримський, 2",,
"Кропивницький,пров. Кріпосний, (біля ЗОШ  № 16)",,
"Кропивницький,пров. Масляніківський (міжбудинками № 4 та № 6)",,
"Кропивницький,пров. Миргородський, 22",,
"Кропивницький,пров. Миргородський, 23",,
"Кропивницький,пров. Мінський, 1-з",,
"Кропивницький,пров. Мотокросний, 55",,
"Кропивницький,пров. Об'їзний, 16",,
"Кропивницький,пров. Огородній, 13",,
"Кропивницький,пров. Перемоги, 2",,
"Кропивницький,пров. Повітрянофлотський, 7",,
"Кропивницький,пров. Приморський, 2-й",,
"Кропивницький,пров. Санаторний,1-й, 9",,
"Кропивницький,пров. Санаторний,1-й, 9",,
"Кропивницький,пров. Середній, 20/15",,
"Кропивницький,пров. Спускний (навпроти № 34)",,
"Кропивницький,пров. Тобілевича, 21",,
"Кропивницький,пров. Тракторний, 14",,
"Кропивницький,пров. Тракторний, 15",,
"Кропивницький,пров. Успенський, 32",,
"Кропивницький,пров. Училищний ДНЗ № 24 ""Вогник""",,
"Кропивницький,пров. Училищний, 10",,
"Кропивницький,пров. Училищний, 3",,
"Кропивницький,пров. Училищний, 6",,
"Кропивницький,пров. Училищний, 8",,
"Кропивницький,пров. Фортечний, 21",,
"Кропивницький,пров. Фортечний, 23",,
"Кропивницький,пров. Фортечний, 23-а (ДНЗ № 72)",,
"Кропивницький,пров. Фортечний, 25",,
"Кропивницький,пров. Фортечний, 27",,
"Кропивницький,пров. Фортечний, 7 (ЗОШ № 16)",,
"Кропивницький,пров. Херсонський, 4",,
"Кропивницький,пров. Центральний (біля автостоянки)",,
"Кропивницький,пров. Щербаковський, 22-а",,
"Кропивницький,пров.Плетений, 8",,
"Кропивницький,проїзд між вул. Садовою та Барболіна",,
"Кропивницький,просп. Винниченка",,
"Кропивницький,просп. Винниченка, 1",,
"Кропивницький,просп. Інженерів, 8",,
"Кропивницький,просп. Комуністичний, (ЗОШ № 34)",,
"Кропивницький,просп. Комуністичний, 10",,
"Кропивницький,просп. Комуністичний, 11",,
"Кропивницький,просп. Комуністичний, 4",,
"Кропивницький,просп. Комуністичний, 6-а",,
"Кропивницький,просп. Комуністичний, 6/5",,
"Кропивницький,просп. Комуністичний, 8",,
"Кропивницький,просп. Комуністичний, 9",,
"Кропивницький,просп. Перемоги, 12, корп. 2",,
"Кропивницький,просп. Перемоги, 12, корп. 3",,
"Кропивницький,просп. Перемоги, 12, корп. 4",,
"Кропивницький,просп. Перемоги, 2",,
"Кропивницький,просп. Перемоги, 6",,
"Кропивницький,просп. Перемоги, 6 (біля теплопункту)",,
"Кропивницький,просп. Перемоги, 8, корп. 1",,
"Кропивницький,просп. Промисловий, 13-а",,
"Кропивницький,просп. Університетський (сквер 60 років ВЛКСМ)",,
"Кропивницький,просп. Університетський, 1/7",,
"Кропивницький,просп. Університетський, 11",,
"Кропивницький,просп. Університетський, 17",,
"Кропивницький,просп. Університетський, 17/2",,
"Кропивницький,просп. Університетський, 17/2",,
"Кропивницький,просп. Університетський, 21",,
"Кропивницький,просп. Університетський, 23, корп. 1",,
"Кропивницький,просп. Університетський, 25",,
"Кропивницький,просп. Університетський, 27",,
"Кропивницький,просп. Університетський, 29",,
"Кропивницький,просп. Університетський, 31",,
"Кропивницький,просп. Університетський, 6 (по дорозі до дитячого седичного центру ""добруджа""",,
"Кропивницький,просп. Університетський, 8",,
"Кропивницький,просп. Університетський, на кільцевому пвороті",,
"Кропивницький,с. Гірниче вул. Лінія 10-а б.44",,
"Кропивницький,с. Гірниче вул. Лінія 10-а б.54",,
"Кропивницький,с. Гірниче вул..Лінія 9-а б.51",,
"Кропивницький,сквер ""Дружби народів""",,
"Кропивницький,сквер ""Катюша""",,
"Кропивницький,сквер ""Молодіжний""",,
"Кропивницький,сквер ""Слави""",,
"Кропивницький,сквер ""Солдатський""",,
"Кропивницький,сквер ""Центральний""",,
"Кропивницький,сквер ""Чорнобиль""",,
"Кропивницький,сквер Євреям-жертвам нацизму",,
"Кропивницький,сквер по вул. Ж.революції",,
"Кропивницький,Студентський бульвар, 10",,
"Кропивницький,Студентський бульвар, 19-а",,
"Кропивницький,туп. Новгородський-проїзд Новгородський",,
"Кропивницький,уздовж вул. Арсенія Тарковського, 75-77",,
"Кропивницький,уздовж вул. Добровольського, 13",,
"Кропивницький,уздовж вул. Нижньої П'ятихатської",,
"Кропивницький,уздовж вул. Нижня П'ятихатська",,
"Кропивницький,уздовж вул.Героїв Сталінграда та Автолюбителів",,
"Кропивницький,уздовж Рівненського кладовищаКропивницький,",,